sprint_id,dev_id,task_id,experience_level,skill_frontend,skill_backend,skill_db,task_type,task_complexity,story_points,req_frontend,req_backend,req_db,current_tasks,current_workload,availability,skill_match_score,velocity_contribution,completion_time,defects,performance_score
1,D17,T8,3,1.0,4.0,2.0,db,4,8,2,0,4,5,40,0.0,0.53,2.63,23.84,1,0.0
1,D9,T97,3,4.0,4.0,5.0,backend,9,2,1,3,0,3,12,42.38,0.58,0.99,36.0,2,0.0
1,D10,T34,1,4.0,2.0,4.0,backend,1,4,1,3,0,5,35,0.0,0.61,1.58,4.19,1,0.64
1,D6,T55,3,3.0,4.0,4.0,frontend,1,5,1,2,1,3,21,0.0,0.57,2.16,5.38,0,6.75
1,D28,T44,3,3.0,1.0,4.0,frontend,3,4,4,0,2,4,32,0.0,0.77,2.06,11.37,0,0.0
1,D25,T75,3,2.0,4.0,1.0,backend,1,5,1,1,1,3,9,61.16,0.59,2.62,3.82,0,60.02
1,D25,T4,3,2.0,4.0,1.0,db,4,3,2,0,1,2,6,66.91,0.8,2.22,22.88,1,32.31
1,D30,T41,3,1.0,2.0,2.0,db,7,1,0,1,4,4,24,0.0,0.68,0.5,23.93,4,0.0
1,D15,T90,1,4.0,3.0,3.0,frontend,10,6,3,2,0,4,32,0.0,0.74,2.97,38.59,2,0.0
1,D24,T100,1,4.0,4.0,4.0,db,3,8,2,0,1,2,14,20.76,0.38,2.53,13.18,2,0.0
1,D14,T89,1,1.0,5.0,5.0,frontend,6,2,1,0,2,4,16,45.85,0.66,1.07,9.18,4,0.9
1,D10,T49,1,4.0,2.0,4.0,frontend,4,4,5,1,2,4,24,4.81,0.77,2.25,15.87,1,7.82
1,D10,T2,1,4.0,2.0,4.0,db,8,3,0,1,3,2,14,48.54,0.71,1.77,19.11,4,9.01
1,D9,T56,3,4.0,4.0,5.0,backend,8,4,1,2,1,1,6,65.98,0.49,1.81,20.58,3,5.75
1,D26,T12,1,3.0,1.0,4.0,db,3,6,1,1,5,5,35,0.0,0.82,3.19,11.45,2,5.4
1,D27,T94,2,3.0,1.0,5.0,backend,5,8,2,3,0,5,15,25.91,0.56,3.68,26.02,8,0.0
1,D16,T94,1,3.0,5.0,2.0,backend,5,8,2,3,0,6,36,0.0,0.65,3.34,22.83,4,0.0
1,D3,T28,3,5.0,2.0,4.0,backend,1,7,0,5,0,5,25,0.0,0.27,1.37,5.94,0,0.0
1,D10,T84,1,4.0,2.0,4.0,frontend,6,4,3,0,1,5,20,6.88,0.69,2.12,24.39,3,0.0
1,D20,T44,3,3.0,1.0,2.0,frontend,3,4,4,0,2,4,24,0.0,0.83,2.43,10.41,0,29.48
1,D4,T65,1,1.0,4.0,2.0,frontend,4,6,2,2,2,5,30,0.0,0.78,3.19,20.0,3,0.0
1,D27,T18,2,3.0,1.0,5.0,db,6,7,1,1,1,5,40,0.0,0.46,1.99,22.69,1,0.0
1,D6,T73,3,3.0,4.0,4.0,frontend,3,8,2,0,1,6,24,0.0,0.59,3.45,13.19,3,0.0
1,D12,T72,2,4.0,4.0,1.0,db,3,7,2,2,4,4,32,0.0,0.48,2.24,14.18,0,0.0
1,D8,T20,2,2.0,1.0,2.0,db,2,1,2,0,4,2,14,35.63,0.71,0.59,2.58,1,48.13
1,D4,T88,1,1.0,4.0,2.0,backend,3,6,1,3,0,1,4,79.65,0.82,4.67,10.76,2,54.01
1,D2,T57,2,3.0,3.0,3.0,frontend,9,4,1,0,0,6,24,20.08,0.52,1.52,53.94,5,0.0
1,D7,T66,3,5.0,1.0,2.0,backend,10,2,1,4,0,2,6,78.57,0.38,0.7,51.83,1,0.0
1,D15,T40,1,4.0,3.0,3.0,backend,1,7,0,4,0,4,32,0.0,0.59,2.76,4.73,0,3.58
1,D4,T96,1,1.0,4.0,2.0,frontend,5,3,4,0,0,5,15,49.74,0.38,0.94,24.87,3,2.33
1,D2,T69,2,3.0,3.0,3.0,backend,3,7,0,4,1,3,12,60.19,0.67,4.01,13.9,1,35.05
1,D1,T52,3,4.0,5.0,3.0,frontend,9,7,1,1,0,6,24,23.54,0.35,1.79,48.14,3,0.0
1,D11,T53,2,4.0,5.0,2.0,backend,10,4,2,5,1,2,10,41.09,0.87,3.05,39.7,1,4.75
1,D3,T86,3,5.0,2.0,4.0,backend,8,7,2,5,2,6,30,0.0,0.43,2.05,47.06,7,0.0
1,D1,T50,3,4.0,5.0,3.0,db,10,2,0,0,2,5,20,15.91,0.51,0.78,45.13,1,0.0
1,D13,T55,1,2.0,5.0,2.0,frontend,1,5,1,2,1,5,35,0.0,0.7,2.27,1.9,0,34.96
1,D1,T89,3,4.0,5.0,3.0,frontend,6,2,1,0,2,4,20,24.33,0.36,0.55,41.15,2,0.0
1,D12,T95,2,4.0,4.0,1.0,backend,8,3,1,3,0,4,28,0.0,0.7,1.47,35.65,7,0.0
1,D14,T25,1,1.0,5.0,5.0,frontend,4,6,4,0,1,5,40,0.0,0.27,1.0,19.15,1,0.0
1,D13,T77,1,2.0,5.0,2.0,frontend,1,2,3,0,2,6,42,0.0,0.63,0.77,3.91,0,0.0
1,D18,T62,2,5.0,3.0,4.0,frontend,2,1,4,0,0,6,18,27.49,0.61,0.48,5.26,1,45.33
1,D25,T34,3,2.0,4.0,1.0,backend,1,4,1,3,0,4,32,0.0,0.8,2.14,4.42,0,16.13
1,D29,T45,2,2.0,3.0,1.0,frontend,7,5,2,0,2,5,15,17.02,0.82,3.37,35.42,3,0.0
1,D30,T19,3,1.0,2.0,2.0,frontend,9,3,2,2,1,3,12,62.83,0.85,2.18,23.58,3,13.67
1,D17,T3,3,1.0,4.0,2.0,db,1,1,0,2,4,3,18,15.66,0.63,0.5,2.3,2,18.31
1,D4,T33,1,1.0,4.0,2.0,backend,10,3,0,5,2,6,30,0.0,0.83,1.7,79.05,6,0.0
1,D20,T16,3,3.0,1.0,2.0,frontend,3,4,5,2,0,4,16,30.66,0.65,2.11,6.18,2,35.2
1,D21,T60,3,1.0,4.0,5.0,frontend,5,7,2,2,0,6,24,0.0,0.63,3.23,17.6,1,0.0
1,D12,T97,2,4.0,4.0,1.0,backend,9,2,1,3,0,2,8,68.92,0.7,1.26,35.76,4,0.0
1,D15,T67,1,4.0,3.0,3.0,backend,5,6,2,5,0,5,25,9.72,0.57,2.47,26.24,3,0.0
1,D4,T77,1,1.0,4.0,2.0,frontend,1,2,3,0,2,6,30,0.0,0.56,0.76,6.35,0,0.0
1,D8,T13,2,2.0,1.0,2.0,db,6,8,1,0,4,5,40,0.0,0.68,3.37,25.15,4,0.0
1,D21,T95,3,1.0,4.0,5.0,backend,8,3,1,3,0,4,32,0.0,0.73,1.46,33.71,6,0.0
1,D2,T71,2,3.0,3.0,3.0,frontend,4,8,2,0,1,3,24,16.78,0.67,3.92,14.01,3,5.29
1,D11,T59,2,4.0,5.0,2.0,backend,3,8,1,2,2,4,12,32.01,0.49,3.35,11.65,1,14.62
1,D30,T39,3,1.0,2.0,2.0,frontend,4,2,3,0,2,1,4,77.37,0.66,1.25,20.15,0,26.21
1,D28,T97,3,3.0,1.0,4.0,backend,9,2,1,3,0,2,14,50.15,0.54,0.9,21.92,5,0.0
1,D12,T67,2,4.0,4.0,1.0,backend,5,6,2,5,0,4,16,16.32,0.75,3.65,26.3,4,0.0
1,D1,T16,3,4.0,5.0,3.0,frontend,3,4,5,2,0,5,35,0.0,0.64,1.66,7.57,2,0.0
1,D15,T99,1,4.0,3.0,3.0,db,2,6,2,2,3,2,16,16.11,0.89,4.33,5.51,0,49.33
1,D1,T43,3,4.0,5.0,3.0,db,9,7,2,1,5,4,24,0.0,0.5,2.56,66.09,4,0.0
1,D24,T87,1,4.0,4.0,4.0,backend,2,4,1,1,1,3,9,54.09,0.4,1.42,12.39,4,0.0
1,D15,T67,1,4.0,3.0,3.0,backend,5,6,2,5,0,1,8,71.86,0.57,3.08,36.46,0,4.05
1,D16,T85,1,3.0,5.0,2.0,frontend,9,1,4,1,2,4,16,25.89,0.68,0.55,24.45,3,7.67
1,D29,T52,2,2.0,3.0,1.0,frontend,9,7,1,1,0,3,18,10.67,0.75,4.14,22.49,6,0.0
1,D22,T99,3,5.0,3.0,5.0,db,2,6,2,2,3,3,21,0.0,0.62,2.82,4.87,2,0.0
1,D4,T35,1,1.0,4.0,2.0,frontend,3,3,1,1,2,4,32,0.0,0.85,1.7,12.69,1,17.15
1,D21,T20,3,1.0,4.0,5.0,db,2,1,2,0,4,3,24,0.0,0.65,0.48,9.96,1,0.0
1,D3,T52,3,5.0,2.0,4.0,frontend,9,7,1,1,0,4,32,0.0,0.35,1.64,34.71,5,0.0
1,D14,T53,1,1.0,5.0,5.0,backend,10,4,2,5,1,5,30,0.0,0.83,2.27,36.48,7,0.0
1,D27,T10,2,3.0,1.0,5.0,frontend,2,8,3,0,0,1,5,77.35,0.8,6.0,9.13,1,38.42
1,D27,T1,2,3.0,1.0,5.0,frontend,1,3,2,1,2,3,18,11.32,0.79,1.87,4.5,1,36.98
1,D29,T50,2,2.0,3.0,1.0,db,10,2,0,0,2,2,8,66.03,0.67,1.21,21.76,3,14.79
1,D25,T9,3,2.0,4.0,1.0,backend,8,4,0,3,0,5,25,0.0,0.75,2.17,53.24,5,0.0
1,D23,T15,3,3.0,4.0,2.0,backend,5,6,0,1,1,1,6,67.0,0.46,2.55,13.03,0,37.81
1,D26,T33,1,3.0,1.0,4.0,backend,10,3,0,5,2,2,10,44.7,0.31,0.82,47.79,6,0.0
1,D3,T2,3,5.0,2.0,4.0,db,8,3,0,1,3,5,15,15.32,0.68,1.67,46.2,2,0.0
1,D8,T96,2,2.0,1.0,2.0,frontend,5,3,4,0,0,2,14,37.62,0.65,1.62,23.43,0,17.56
1,D9,T42,3,4.0,4.0,5.0,frontend,6,5,4,0,0,1,7,61.22,0.65,2.97,23.28,1,30.94
1,D24,T15,1,4.0,4.0,4.0,backend,5,6,0,1,1,3,12,59.95,0.35,1.79,12.21,1,4.85
1,D3,T3,3,5.0,2.0,4.0,db,1,1,0,2,4,4,24,0.0,0.85,0.62,5.95,0,35.72
1,D23,T74,3,3.0,4.0,2.0,db,3,5,0,1,5,1,5,77.28,0.4,1.88,9.83,0,49.53
1,D24,T74,1,4.0,4.0,4.0,db,3,5,0,1,5,1,6,73.06,0.61,2.82,5.16,0,44.86
1,D18,T30,2,5.0,3.0,4.0,frontend,6,1,1,1,1,5,25,0.0,0.33,0.24,15.49,2,0.0
1,D3,T87,3,5.0,2.0,4.0,backend,2,4,1,1,1,2,6,78.6,0.59,2.18,13.45,0,40.92
1,D6,T50,3,3.0,4.0,4.0,db,10,2,0,0,2,6,30,0.0,0.47,0.64,32.63,5,0.0
1,D21,T72,3,1.0,4.0,5.0,db,3,7,2,2,4,1,5,82.66,0.75,4.92,4.08,0,68.27
1,D23,T60,3,3.0,4.0,2.0,frontend,5,7,2,2,0,1,8,73.17,0.72,4.54,23.55,3,0.0
1,D9,T21,3,4.0,4.0,5.0,frontend,4,1,4,2,2,2,10,63.56,0.81,0.71,19.05,0,32.18
1,D11,T3,2,4.0,5.0,2.0,db,1,1,0,2,4,5,35,0.0,0.49,0.32,4.07,0,0.0
1,D14,T65,1,1.0,5.0,5.0,frontend,4,6,2,2,2,3,15,11.94,0.64,3.15,16.24,4,0.0
1,D18,T93,2,5.0,3.0,4.0,db,8,6,0,0,4,3,21,0.0,0.7,3.19,33.61,1,0.0
1,D3,T10,3,5.0,2.0,4.0,frontend,2,8,3,0,0,2,16,29.83,0.54,3.5,9.19,1,24.23
1,D30,T40,3,1.0,2.0,2.0,backend,1,7,0,4,0,1,4,84.28,0.65,4.32,3.87,1,61.96
1,D12,T29,2,4.0,4.0,1.0,frontend,7,8,3,1,2,6,36,0.0,0.7,3.59,42.1,2,0.0
1,D6,T66,3,3.0,4.0,4.0,backend,10,2,1,4,0,1,5,77.14,0.78,1.46,53.42,2,0.0
1,D23,T81,3,3.0,4.0,2.0,backend,7,1,1,4,0,5,40,0.0,0.84,0.52,34.79,9,0.0
1,D18,T38,2,5.0,3.0,4.0,frontend,2,5,1,0,0,4,20,0.0,0.25,0.96,10.63,0,0.0
1,D3,T63,3,5.0,2.0,4.0,db,5,6,0,0,2,5,30,0.0,0.51,2.09,34.38,3,0.0
1,D18,T13,2,5.0,3.0,4.0,db,6,8,1,0,4,1,6,68.6,0.73,5.41,38.35,0,8.43
1,D7,T53,3,5.0,1.0,2.0,backend,10,4,2,5,1,4,16,45.26,0.34,1.1,65.52,7,0.0
1,D11,T90,2,4.0,5.0,2.0,frontend,10,6,3,2,0,2,8,68.79,0.67,3.62,37.61,4,0.0
1,D20,T9,3,3.0,1.0,2.0,backend,8,4,0,3,0,4,28,0.0,0.55,1.54,28.44,6,0.0
1,D20,T2,3,3.0,1.0,2.0,db,8,3,0,1,3,6,24,9.1,0.79,1.73,15.95,6,0.0
1,D29,T21,2,2.0,3.0,1.0,frontend,4,1,4,2,2,6,30,0.0,0.68,0.46,11.66,1,10.38
1,D14,T94,1,1.0,5.0,5.0,backend,5,8,2,3,0,4,32,0.0,0.56,2.99,15.44,9,0.0
1,D26,T41,1,3.0,1.0,4.0,db,7,1,0,1,4,5,35,0.0,0.91,0.59,25.68,1,5.31
1,D22,T67,3,5.0,3.0,5.0,backend,5,6,2,5,0,3,15,50.96,0.46,2.27,10.56,6,0.0
1,D8,T64,2,2.0,1.0,2.0,backend,3,1,0,3,0,4,12,57.62,0.6,0.51,7.4,0,39.59
1,D1,T91,3,4.0,5.0,3.0,db,3,1,0,2,2,3,15,10.2,0.61,0.5,14.11,3,0.0
1,D25,T19,3,2.0,4.0,1.0,frontend,9,3,2,2,1,3,21,0.0,0.9,2.05,24.11,4,0.0
1,D4,T97,1,1.0,4.0,2.0,backend,9,2,1,3,0,1,5,71.9,0.82,1.54,30.43,4,13.94
1,D24,T11,1,4.0,4.0,4.0,frontend,4,1,3,0,0,1,7,76.26,0.56,0.51,10.1,1,44.11
1,D11,T90,2,4.0,5.0,2.0,frontend,10,6,3,2,0,2,14,16.49,0.67,3.34,78.09,1,0.0
1,D26,T99,1,3.0,1.0,4.0,db,2,6,2,2,3,2,12,59.38,0.8,4.1,7.47,1,75.32
1,D21,T57,3,1.0,4.0,5.0,frontend,9,4,1,0,0,3,18,8.22,0.65,2.05,61.22,8,0.0
1,D25,T44,3,2.0,4.0,1.0,frontend,3,4,4,0,2,3,24,0.28,0.53,1.55,12.72,1,0.0
1,D2,T11,2,3.0,3.0,3.0,frontend,4,1,3,0,0,4,16,38.36,0.76,0.62,22.64,1,29.52
1,D8,T82,2,2.0,1.0,2.0,frontend,4,1,5,1,2,1,7,68.9,0.64,0.58,16.39,0,29.32
1,D10,T5,1,4.0,2.0,4.0,db,2,8,0,1,2,6,30,1.01,0.59,3.22,1.94,0,16.98
1,D26,T40,1,3.0,1.0,4.0,backend,1,7,0,4,0,3,24,3.23,0.37,1.89,3.76,1,8.72
1,D12,T56,2,4.0,4.0,1.0,backend,8,4,1,2,1,4,28,0.0,0.61,1.7,44.92,6,0.0
1,D15,T16,1,4.0,3.0,3.0,frontend,3,4,5,2,0,1,7,68.31,0.74,2.7,13.57,1,46.28
1,D15,T67,1,4.0,3.0,3.0,backend,5,6,2,5,0,6,48,0.0,0.57,1.99,28.97,0,0.0
1,D8,T68,2,2.0,1.0,2.0,backend,2,3,1,2,1,4,24,0.0,0.8,1.76,5.75,0,21.16
1,D16,T58,1,3.0,5.0,2.0,frontend,4,5,3,0,1,1,6,75.23,0.72,3.33,10.29,1,51.72
1,D28,T59,3,3.0,1.0,4.0,backend,3,8,1,2,2,2,10,50.81,0.72,5.05,18.26,2,14.77
1,D10,T33,1,4.0,2.0,4.0,backend,10,3,0,5,2,4,20,0.0,0.38,0.88,51.88,6,0.0
1,D24,T92,1,4.0,4.0,4.0,backend,8,2,0,1,0,3,24,0.0,0.32,0.47,16.1,3,0.0
1,D15,T66,1,4.0,3.0,3.0,backend,10,2,1,4,0,5,35,0.0,0.64,0.83,45.67,2,0.0
1,D18,T16,2,5.0,3.0,4.0,frontend,3,4,5,2,0,2,16,18.84,0.83,2.69,12.27,1,66.1
1,D4,T31,1,1.0,4.0,2.0,backend,4,5,0,4,0,6,24,23.44,0.89,3.26,23.86,2,5.84
1,D27,T52,2,3.0,1.0,5.0,frontend,9,7,1,1,0,6,24,0.0,0.61,3.12,27.45,8,0.0
1,D27,T50,2,3.0,1.0,5.0,db,10,2,0,0,2,5,35,0.0,0.5,0.65,59.36,9,0.0
1,D27,T70,2,3.0,1.0,5.0,db,10,3,1,0,2,3,24,0.0,0.53,1.16,37.93,5,0.0
1,D22,T14,3,5.0,3.0,5.0,db,1,5,2,0,1,5,40,0.0,0.28,0.87,5.97,1,0.0
1,D26,T39,1,3.0,1.0,4.0,frontend,4,2,3,0,2,5,15,38.3,0.89,1.46,22.42,0,45.94
1,D22,T80,3,5.0,3.0,5.0,frontend,2,2,1,2,0,2,12,59.92,0.32,0.55,5.48,1,23.43
1,D20,T15,3,3.0,1.0,2.0,backend,5,6,0,1,1,5,20,0.0,0.82,3.78,9.02,2,6.1
1,D23,T65,3,3.0,4.0,2.0,frontend,4,6,2,2,2,1,8,54.79,0.78,4.22,14.11,0,25.66
1,D30,T50,3,1.0,2.0,2.0,db,10,2,0,0,2,1,5,81.53,0.87,1.63,29.45,0,21.72
1,D16,T43,1,3.0,5.0,2.0,db,9,7,2,1,5,2,10,46.88,0.41,2.52,41.44,13,0.0
1,D10,T27,1,4.0,2.0,4.0,backend,5,6,0,1,1,6,42,0.0,0.59,2.16,21.19,5,0.0
1,D8,T40,2,2.0,1.0,2.0,backend,1,7,0,4,0,1,7,77.39,0.48,3.07,3.17,0,60.43
1,D5,T91,1,3.0,3.0,2.0,db,3,1,0,2,2,5,15,15.96,0.86,0.71,12.33,1,32.29
1,D14,T22,1,1.0,5.0,5.0,db,2,2,2,0,2,2,16,44.72,0.36,0.58,12.32,2,0.02
1,D21,T62,3,1.0,4.0,5.0,frontend,2,1,4,0,0,4,24,0.0,0.29,0.21,3.49,2,0.0
1,D22,T29,3,5.0,3.0,5.0,frontend,7,8,3,1,2,4,16,43.17,0.57,3.69,35.17,0,18.3
1,D30,T65,3,1.0,2.0,2.0,frontend,4,6,2,2,2,4,28,0.0,0.88,3.68,10.85,6,0.0
1,D19,T80,1,3.0,5.0,3.0,frontend,2,2,1,2,0,3,9,63.06,0.52,0.92,7.62,0,36.05
1,D26,T82,1,3.0,1.0,4.0,frontend,4,1,5,1,2,6,30,0.0,0.7,0.48,16.99,4,0.0
1,D18,T86,2,5.0,3.0,4.0,backend,8,7,2,5,2,5,20,13.52,0.55,2.96,18.01,7,0.0
1,D23,T30,3,3.0,4.0,2.0,frontend,6,1,1,1,1,4,32,0.0,0.58,0.39,14.5,2,0.0
1,D29,T10,2,2.0,3.0,1.0,frontend,2,8,3,0,0,2,6,73.61,0.7,5.18,7.04,0,43.92
1,D19,T16,1,3.0,5.0,3.0,frontend,3,4,5,2,0,5,25,0.0,0.52,1.5,13.44,3,0.0
1,D17,T60,3,1.0,4.0,2.0,frontend,5,7,2,2,0,6,36,0.0,0.72,3.23,9.41,3,0.0
1,D1,T37,3,4.0,5.0,3.0,backend,10,2,2,4,1,2,10,41.39,0.72,1.26,29.59,3,2.38
1,D19,T54,1,3.0,5.0,3.0,frontend,5,4,2,2,0,6,48,0.0,0.64,1.49,36.73,2,0.0
1,D12,T13,2,4.0,4.0,1.0,db,6,8,1,0,4,4,16,23.61,0.35,2.27,33.29,2,0.0
1,D28,T40,3,3.0,1.0,4.0,backend,1,7,0,4,0,4,20,19.48,0.37,1.99,1.92,0,29.41
1,D6,T29,3,3.0,4.0,4.0,frontend,7,8,3,1,2,2,8,55.96,0.79,5.7,41.44,4,0.0
1,D3,T100,3,5.0,2.0,4.0,db,3,8,2,0,1,1,4,78.38,0.45,3.42,24.59,3,8.94
1,D9,T33,3,4.0,4.0,5.0,backend,10,3,0,5,2,1,3,84.06,0.59,1.7,50.64,2,0.0
1,D20,T21,3,3.0,1.0,2.0,frontend,4,1,4,2,2,5,30,0.0,0.83,0.57,14.82,0,14.01
1,D30,T31,3,1.0,2.0,2.0,backend,4,5,0,4,0,5,20,0.0,0.65,2.5,18.7,5,0.0
1,D2,T86,2,3.0,3.0,3.0,backend,8,7,2,5,2,1,3,82.84,0.68,4.58,33.24,10,0.0
1,D30,T68,3,1.0,2.0,2.0,backend,2,3,1,2,1,5,20,31.38,0.97,2.24,3.45,0,61.03
1,D16,T51,1,3.0,5.0,2.0,backend,10,4,0,1,2,6,36,0.0,0.37,0.95,35.18,5,0.0
1,D21,T44,3,1.0,4.0,5.0,frontend,3,4,4,0,2,1,6,73.57,0.35,1.3,8.49,1,28.54
1,D17,T49,3,1.0,4.0,2.0,frontend,4,4,5,1,2,2,8,57.74,0.37,1.33,11.09,2,20.55
1,D6,T48,3,3.0,4.0,4.0,db,8,8,0,2,1,2,16,23.91,0.45,2.92,63.58,7,0.0
1,D2,T39,2,3.0,3.0,3.0,frontend,4,2,3,0,2,5,30,0.0,0.82,1.12,18.68,4,0.0
1,D11,T45,2,4.0,5.0,2.0,frontend,7,5,2,0,2,3,24,0.0,0.51,1.87,51.37,3,0.0
1,D1,T30,3,4.0,5.0,3.0,frontend,6,1,1,1,1,6,30,0.0,0.38,0.26,21.95,3,0.0
1,D23,T14,3,3.0,4.0,2.0,db,1,5,2,0,1,2,14,46.98,0.65,2.7,3.55,1,38.7
1,D29,T50,2,2.0,3.0,1.0,db,10,2,0,0,2,5,30,0.0,0.67,0.91,25.51,3,0.0
1,D6,T34,3,3.0,4.0,4.0,backend,1,4,1,3,0,5,40,0.0,0.66,1.63,6.16,0,0.3
1,D4,T73,1,1.0,4.0,2.0,frontend,3,8,2,0,1,4,16,18.79,0.65,4.21,24.28,1,5.89
1,D21,T92,3,1.0,4.0,5.0,backend,8,2,0,1,0,6,24,9.73,0.44,0.64,34.85,6,0.0
1,D17,T59,3,1.0,4.0,2.0,backend,3,8,1,2,2,2,14,28.85,0.76,5.06,11.92,2,40.31
1,D23,T33,3,3.0,4.0,2.0,backend,10,3,0,5,2,3,15,14.63,0.73,1.8,47.19,6,0.0
1,D1,T35,3,4.0,5.0,3.0,frontend,3,3,1,1,2,1,5,74.31,0.41,1.15,14.25,1,10.43
1,D17,T64,3,1.0,4.0,2.0,backend,3,1,0,3,0,3,21,31.75,0.77,0.58,5.2,1,65.02
1,D15,T11,1,4.0,3.0,3.0,frontend,4,1,3,0,0,1,6,81.49,0.64,0.59,6.97,1,49.99
1,D25,T51,3,2.0,4.0,1.0,backend,10,4,0,1,2,1,4,78.22,0.51,1.94,27.36,1,0.0
1,D20,T28,3,3.0,1.0,2.0,backend,1,7,0,5,0,3,24,0.0,0.31,1.59,2.53,0,1.5
1,D20,T73,3,3.0,1.0,2.0,frontend,3,8,2,0,1,3,15,17.4,0.8,5.25,6.59,1,36.99
1,D10,T19,1,4.0,2.0,4.0,frontend,9,3,2,2,1,4,12,45.61,0.67,1.72,42.99,4,0.0
1,D20,T31,3,3.0,1.0,2.0,backend,4,5,0,4,0,1,4,79.03,0.43,2.04,6.13,3,34.4
1,D27,T85,2,3.0,1.0,5.0,frontend,9,1,4,1,2,3,9,48.67,0.79,0.7,18.69,1,29.16
1,D5,T63,1,3.0,3.0,2.0,db,5,6,0,0,2,3,12,42.5,0.76,3.9,23.34,2,13.2
1,D2,T36,2,3.0,3.0,3.0,frontend,2,5,1,1,0,1,5,70.7,0.57,2.67,7.61,1,32.47
1,D14,T87,1,1.0,5.0,5.0,backend,2,4,1,1,1,2,12,44.65,0.4,1.37,10.42,0,35.01
1,D18,T52,2,5.0,3.0,4.0,frontend,9,7,1,1,0,4,32,0.0,0.3,1.4,42.37,7,0.0
1,D22,T15,3,5.0,3.0,5.0,backend,5,6,0,1,1,6,30,0.0,0.39,1.6,15.61,2,0.0
1,D16,T90,1,3.0,5.0,2.0,frontend,10,6,3,2,0,2,12,32.17,0.79,4.05,39.48,2,0.09
1,D11,T44,2,4.0,5.0,2.0,frontend,3,4,4,0,2,4,28,0.0,0.75,2.09,8.34,1,20.92
1,D7,T9,3,5.0,1.0,2.0,backend,8,4,0,3,0,1,4,81.56,0.45,1.71,25.24,3,0.0
1,D5,T15,1,3.0,3.0,2.0,backend,5,6,0,1,1,4,16,33.11,0.58,2.82,13.44,3,32.68
1,D25,T60,3,2.0,4.0,1.0,frontend,5,7,2,2,0,5,25,0.0,0.87,4.4,25.84,4,0.0
2,D25,T87,3,2.005,4.015,1.014,backend,2,4,1,1,1,6,48,0.0,0.5875,1.37,6.07,2,17.86
2,D29,T7,2,2.08,3.071,1.031,backend,5,5,0,3,2,3,21,0.0,0.8584,3.26,12.12,3,0.0
2,D25,T72,3,2.005,4.015,1.014,db,3,7,2,2,4,5,15,48.72,0.5408,3.11,5.08,0,28.98
2,D12,T98,2,4.054,4.001,1.076,backend,1,7,0,1,2,5,15,48.38,0.4095,2.35,4.5,1,36.06
2,D6,T75,3,3.002,4.009,4.009,backend,1,5,1,1,1,6,18,1.25,0.4485,1.77,6.32,1,8.12
2,D7,T98,3,5.0,1.055,2.042,backend,1,7,0,1,2,5,35,0.0,0.7421,3.37,4.35,0,25.27
2,D26,T72,1,3.008,1.0,4.037,db,3,7,2,2,4,2,12,38.14,0.9153,5.47,6.8,1,31.85
2,D22,T28,3,5.0,3.009,5.0,backend,1,7,0,5,0,5,35,0.0,0.3611,1.64,2.12,1,0.0
2,D20,T75,3,3.002,1.015,2.015,backend,1,5,1,1,1,5,20,39.61,0.8677,3.34,3.32,1,76.87
2,D15,T14,1,4.018,3.047,3.06,db,1,5,2,0,1,6,48,0.0,0.5399,1.57,1.86,1,8.28
2,D13,T43,1,2.009,5.0,2.05,db,9,7,2,1,5,6,30,8.76,0.4457,2.13,88.47,4,0.0
2,D15,T67,1,4.018,3.047,3.06,backend,5,6,2,5,0,3,15,54.34,0.5729,2.82,17.24,3,10.29
2,D12,T51,2,4.054,4.001,1.076,backend,10,4,0,1,2,1,7,66.2,0.4095,1.5,44.31,0,13.04
2,D13,T94,1,2.009,5.0,2.05,backend,5,8,2,3,0,6,36,0.0,0.6981,3.58,33.76,8,0.0
2,D7,T91,3,5.0,1.055,2.042,db,3,1,0,2,2,4,20,16.04,0.7977,0.61,13.17,1,19.4
2,D9,T21,3,4.002,4.025,5.0,frontend,4,1,4,2,2,2,14,29.8,0.8085,0.67,5.04,1,42.77
2,D19,T43,1,3.035,5.0,3.002,db,9,7,2,1,5,1,4,86.84,0.5292,3.52,37.09,3,0.0
2,D23,T62,3,3.017,4.023,2.035,frontend,2,1,4,0,0,1,8,67.93,0.6198,0.56,5.75,0,62.64
2,D3,T40,3,5.0,2.004,4.003,backend,1,7,0,4,0,3,9,50.27,0.3904,2.43,2.91,2,34.92
2,D4,T87,1,1.007,4.042,2.043,backend,2,4,1,1,1,5,40,0.0,0.6033,1.49,2.5,1,22.77
2,D4,T52,1,1.007,4.042,2.043,frontend,9,7,1,1,0,4,24,0.0,0.7858,4.02,27.84,5,0.0
2,D7,T97,3,5.0,1.055,2.042,backend,9,2,1,3,0,6,48,0.0,0.5053,0.59,53.87,7,0.0
2,D12,T6,2,4.054,4.001,1.076,db,7,4,0,1,1,3,18,33.8,0.7192,2.27,54.3,1,0.0
2,D23,T24,3,3.017,4.023,2.035,frontend,1,8,5,2,1,1,3,89.19,0.6298,4.85,4.11,2,42.39
2,D19,T80,1,3.035,5.0,3.002,frontend,2,2,1,2,0,5,40,0.0,0.5157,0.64,15.36,0,0.0
2,D26,T94,1,3.008,1.0,4.037,backend,5,8,2,3,0,3,21,32.77,0.5885,3.57,13.01,3,11.07
2,D7,T10,3,5.0,1.055,2.042,frontend,2,8,3,0,0,2,8,74.35,0.646,4.66,9.54,0,47.59
2,D16,T84,1,3.019,5.0,2.005,frontend,6,4,3,0,1,6,18,45.58,0.7176,2.26,13.41,5,0.47
2,D27,T27,2,3.02,1.006,5.0,backend,5,6,0,1,1,5,30,0.0,0.7283,2.98,23.39,4,0.0
2,D27,T1,2,3.02,1.006,5.0,frontend,1,3,2,1,2,1,5,82.51,0.7873,2.22,3.14,1,65.75
2,D22,T76,3,5.0,3.009,5.0,backend,9,2,2,3,2,3,12,32.22,0.7589,1.3,45.12,3,0.0
2,D20,T51,3,3.002,1.015,2.015,backend,10,4,0,1,2,3,24,0.0,0.8476,2.48,19.16,5,0.0
2,D29,T57,2,2.08,3.071,1.031,frontend,9,4,1,0,0,2,10,46.06,0.6859,2.41,28.25,2,6.43
2,D1,T31,3,4.007,5.0,3.031,backend,4,5,0,4,0,2,10,56.91,0.5887,2.58,15.52,1,31.82
2,D17,T99,3,1.036,4.007,2.001,db,2,6,2,2,3,6,24,13.97,0.7508,3.3,6.7,2,51.26
2,D18,T9,2,5.0,3.052,4.006,backend,8,4,0,3,0,5,20,17.11,0.6236,1.92,30.5,2,0.0
2,D26,T91,1,3.008,1.0,4.037,db,3,1,0,2,2,3,12,34.51,0.6153,0.53,6.32,0,37.2
2,D27,T41,2,3.02,1.006,5.0,db,7,1,0,1,4,5,15,37.87,0.7891,0.65,24.95,5,0.0
2,D18,T56,2,5.0,3.052,4.006,backend,8,4,1,2,1,6,48,0.0,0.5836,1.36,33.7,3,0.0
2,D25,T40,3,2.005,4.015,1.014,backend,1,7,0,4,0,3,18,36.03,0.8675,4.79,5.1,1,70.11
2,D21,T2,3,1.055,4.019,5.0,db,8,3,0,1,3,2,14,42.88,0.5774,1.44,57.58,3,0.0
2,D14,T70,1,1.062,5.0,5.0,db,10,3,1,0,2,6,18,0.0,0.3881,0.92,45.56,9,0.0
2,D24,T5,1,4.041,4.051,4.053,db,2,8,0,1,2,5,30,0.0,0.4799,2.62,2.98,0,9.38
2,D19,T70,1,3.035,5.0,3.002,db,10,3,1,0,2,6,48,0.0,0.5687,0.99,68.54,4,0.0
2,D30,T32,3,1.001,2.006,2.004,backend,5,7,1,4,2,2,8,65.83,0.7606,4.8,17.86,2,24.83
2,D4,T76,1,1.007,4.042,2.043,backend,9,2,2,3,2,4,32,0.0,0.824,1.1,25.83,8,0.0
2,D6,T7,3,3.002,4.009,4.009,backend,5,5,0,3,2,1,3,88.43,0.6685,3.22,13.81,1,45.09
2,D2,T76,2,3.041,3.056,3.0,backend,9,2,2,3,2,5,40,0.0,0.9112,1.13,55.72,7,0.0
2,D5,T87,1,3.002,3.005,2.09,backend,2,4,1,1,1,1,4,81.86,0.6266,2.38,4.28,0,64.17
2,D25,T24,3,2.005,4.015,1.014,frontend,1,8,5,2,1,5,30,0.0,0.5394,2.94,3.89,1,0.0
2,D11,T76,2,4.091,5.0,2.067,backend,9,2,2,3,2,2,16,37.17,0.6534,1.06,47.31,5,0.0
2,D28,T70,3,3.06,1.013,4.004,db,10,3,1,0,2,5,25,21.52,0.6471,1.4,87.94,7,0.0
2,D2,T64,2,3.041,3.056,3.0,backend,3,1,0,3,0,4,24,26.04,0.7512,0.55,14.29,3,11.87
2,D21,T72,3,1.055,4.019,5.0,db,3,7,2,2,4,4,28,0.0,0.7507,3.67,6.95,5,0.0
2,D4,T83,1,1.007,4.042,2.043,db,6,2,2,1,1,6,48,0.0,0.693,0.81,29.25,1,0.0
2,D24,T90,1,4.041,4.051,4.053,frontend,10,6,3,2,0,6,42,0.0,0.6509,2.38,39.75,6,0.0
2,D1,T26,3,4.007,5.0,3.031,backend,3,1,1,2,0,1,7,69.6,0.3987,0.36,12.61,2,25.5
2,D15,T57,1,4.018,3.047,3.06,frontend,9,4,1,0,0,5,25,3.35,0.3937,1.14,70.15,5,0.0
2,D12,T22,2,4.054,4.001,1.076,db,2,2,2,0,2,6,36,0.0,0.6274,0.81,13.25,3,0.0
2,D27,T22,2,3.02,1.006,5.0,db,2,2,2,0,2,6,30,0.0,0.5591,0.76,6.46,0,0.0
2,D19,T73,1,3.035,5.0,3.002,frontend,3,8,2,0,1,5,15,54.46,0.5657,3.71,12.27,3,35.1
2,D26,T55,1,3.008,1.0,4.037,frontend,1,5,1,2,1,2,6,72.92,0.6179,2.86,3.53,0,52.43
2,D29,T38,2,2.08,3.071,1.031,frontend,2,5,1,0,0,1,4,82.82,0.6859,3.26,9.9,0,59.25
2,D19,T77,1,3.035,5.0,3.002,frontend,1,2,3,0,2,3,15,35.19,0.7157,1.17,2.71,1,47.11
2,D29,T21,2,2.08,3.071,1.031,frontend,4,1,4,2,2,4,20,0.0,0.687,0.53,14.13,1,0.0
2,D10,T34,1,4.001,2.04,4.023,backend,1,4,1,3,0,6,42,0.0,0.6141,1.5,1.17,1,10.95
2,D12,T84,2,4.054,4.001,1.076,frontend,6,4,3,0,1,2,14,27.31,0.6712,2.23,23.47,3,0.0
2,D29,T35,2,2.08,3.071,1.031,frontend,3,3,1,1,2,2,6,76.04,0.7378,2.05,5.82,0,69.82
2,D17,T99,3,1.036,4.007,2.001,db,2,6,2,2,3,2,12,33.98,0.7508,3.85,2.96,2,43.96
2,D16,T51,1,3.019,5.0,2.005,backend,10,4,0,1,2,5,30,0.0,0.3689,1.01,50.69,6,0.0
2,D30,T30,3,1.001,2.006,2.004,frontend,6,1,1,1,1,4,16,14.48,0.9195,0.74,13.07,0,21.31
2,D7,T54,3,5.0,1.055,2.042,frontend,5,4,2,2,0,1,3,83.31,0.5315,2.05,40.28,0,0.0
2,D3,T47,3,5.0,2.004,4.003,backend,9,2,0,5,1,3,24,0.0,0.3004,0.44,44.66,3,0.0
2,D19,T99,1,3.035,5.0,3.002,db,2,6,2,2,3,4,24,6.21,0.8187,3.59,8.67,0,21.22
2,D1,T92,3,4.007,5.0,3.031,backend,8,2,0,1,0,4,16,46.75,0.2287,0.37,32.86,7,0.0
2,D2,T35,2,3.041,3.056,3.0,frontend,3,3,1,1,2,6,36,0.0,0.6223,1.2,19.39,2,0.0
2,D22,T13,3,5.0,3.009,5.0,db,6,8,1,0,4,1,8,62.67,0.6096,4.4,14.2,1,16.7
2,D17,T42,3,1.036,4.007,2.001,frontend,6,5,4,0,0,5,30,0.0,0.3839,1.31,23.36,7,0.0
2,D22,T99,3,5.0,3.009,5.0,db,2,6,2,2,3,5,15,26.49,0.6196,3.05,4.1,1,35.84
2,D6,T59,3,3.002,4.009,4.009,backend,3,8,1,2,2,6,48,0.0,0.5985,2.79,7.22,1,2.55
2,D18,T57,2,5.0,3.052,4.006,frontend,9,4,1,0,0,2,10,40.63,0.2472,0.87,47.43,5,0.0
2,D13,T38,1,2.009,5.0,2.05,frontend,2,5,1,0,0,1,5,77.88,0.5674,2.66,14.77,1,32.65
2,D12,T43,2,4.054,4.001,1.076,db,9,7,2,1,5,3,24,0.0,0.3175,1.63,55.41,7,0.0
2,D3,T52,3,5.0,2.004,4.003,frontend,9,7,1,1,0,1,4,78.36,0.3497,2.33,36.47,6,0.0
2,D16,T16,1,3.019,5.0,2.005,frontend,3,4,5,2,0,4,24,8.0,0.5521,1.62,12.55,1,9.88
2,D5,T45,1,3.002,3.005,2.09,frontend,7,5,2,0,2,1,4,83.29,0.7268,3.45,28.78,6,0.0
2,D2,T58,2,3.041,3.056,3.0,frontend,4,5,3,0,1,2,6,76.0,0.7823,3.62,16.26,4,22.94
2,D20,T86,3,3.002,1.015,2.015,backend,8,7,2,5,2,2,6,67.82,0.4712,3.05,51.37,2,0.0
2,D23,T46,3,3.017,4.023,2.035,db,2,7,0,0,5,4,16,28.84,0.3525,2.0,11.61,1,16.27
2,D28,T78,3,3.06,1.013,4.004,db,8,6,1,1,5,6,30,0.0,0.818,3.35,34.78,2,0.0
2,D17,T8,3,1.036,4.007,2.001,db,4,8,2,0,4,3,21,0.0,0.5308,3.22,14.34,2,0.0
2,D28,T95,3,3.06,1.013,4.004,backend,8,3,1,3,0,1,6,65.59,0.5384,1.49,23.46,1,14.37
2,D7,T56,3,5.0,1.055,2.042,backend,8,4,1,2,1,1,7,78.55,0.6553,2.39,28.88,1,6.57
2,D29,T56,2,2.08,3.071,1.031,backend,8,4,1,2,1,3,21,0.0,0.8165,2.48,19.21,6,0.0
2,D20,T88,3,3.002,1.015,2.015,backend,3,6,1,3,0,4,20,15.76,0.6012,2.77,22.8,1,0.0
2,D23,T30,3,3.017,4.023,2.035,frontend,6,1,1,1,1,6,18,12.23,0.5758,0.45,23.51,1,2.93
2,D15,T94,1,4.018,3.047,3.06,backend,5,8,2,3,0,5,20,26.11,0.8017,4.93,42.31,4,0.0
2,D19,T52,1,3.035,5.0,3.002,frontend,9,7,1,1,0,3,18,14.23,0.4657,2.57,38.09,7,0.0
2,D27,T91,2,3.02,1.006,5.0,db,3,1,0,2,2,3,21,0.0,0.4997,0.38,14.85,1,0.0
2,D26,T52,1,3.008,1.0,4.037,frontend,9,7,1,1,0,1,6,73.9,0.6379,4.13,31.12,1,15.36
2,D18,T28,2,5.0,3.052,4.006,backend,1,7,0,5,0,4,28,0.0,0.3961,1.93,2.61,0,0.0
2,D8,T24,2,2.07,1.016,2.019,frontend,1,8,5,2,1,2,12,37.57,0.5686,3.89,2.84,0,43.03
2,D22,T3,3,5.0,3.009,5.0,db,1,1,0,2,4,4,16,11.57,0.6795,0.55,1.72,0,48.77
2,D18,T78,2,5.0,3.052,4.006,db,8,6,1,1,5,2,6,69.41,0.6581,3.65,35.79,3,5.18
2,D30,T26,3,1.001,2.006,2.004,backend,3,1,1,2,0,5,20,8.45,0.9391,0.72,8.26,1,43.89
2,D13,T34,1,2.009,5.0,2.05,backend,1,4,1,3,0,5,30,0.0,0.6481,1.77,4.02,1,12.15
2,D16,T40,1,3.019,5.0,2.005,backend,1,7,0,4,0,3,15,14.62,0.6689,3.84,2.84,0,26.72
2,D19,T59,1,3.035,5.0,3.002,backend,3,8,1,2,2,2,12,38.05,0.5082,3.47,20.68,1,0.0
2,D7,T14,3,5.0,1.055,2.042,db,1,5,2,0,1,3,24,0.0,0.7322,2.68,3.22,0,20.13
2,D15,T66,1,4.018,3.047,3.06,backend,10,2,1,4,0,2,6,73.82,0.6429,1.19,49.57,4,0.0
2,D20,T33,3,3.002,1.015,2.015,backend,10,3,0,5,2,2,6,68.12,0.3712,1.03,35.61,3,0.0
2,D25,T14,3,2.005,4.015,1.014,db,1,5,2,0,1,5,20,0.0,0.7974,3.07,2.35,1,22.58
2,D13,T33,1,2.009,5.0,2.05,backend,10,3,0,5,2,5,35,0.0,0.898,1.75,62.07,3,0.0
2,D29,T19,2,2.08,3.071,1.031,frontend,9,3,2,2,1,2,14,30.96,0.9359,2.34,31.02,3,10.98
2,D6,T75,3,3.002,4.009,4.009,backend,1,5,1,1,1,1,3,87.3,0.4485,2.16,2.92,1,33.44
2,D27,T83,2,3.02,1.006,5.0,db,6,2,2,1,1,1,4,82.92,0.4891,0.93,10.91,2,26.48
2,D18,T58,2,5.0,3.052,4.006,frontend,4,5,3,0,1,4,28,11.72,0.5172,1.8,29.0,2,0.0
2,D21,T1,3,1.055,4.019,5.0,frontend,1,3,2,1,2,1,7,62.82,0.6456,1.77,3.33,0,42.48
2,D13,T21,1,2.009,5.0,2.05,frontend,4,1,4,2,2,3,15,53.84,0.6096,0.5,14.87,2,29.69
2,D9,T70,3,4.002,4.025,5.0,db,10,3,1,0,2,1,5,84.65,0.3487,0.98,46.14,8,0.0
2,D19,T8,1,3.035,5.0,3.002,db,4,8,2,0,4,3,21,13.93,0.5992,3.64,20.55,3,0.0
2,D14,T11,1,1.062,5.0,5.0,frontend,4,1,3,0,0,5,15,15.02,0.3674,0.3,19.27,2,0.0
2,D24,T50,1,4.041,4.051,4.053,db,10,2,0,0,2,6,18,20.25,0.4299,0.68,32.18,9,0.0
2,D2,T18,2,3.041,3.056,3.0,db,6,7,1,1,1,4,12,34.16,0.596,3.56,28.82,4,0.0
2,D27,T80,2,3.02,1.006,5.0,frontend,2,2,1,2,0,4,12,61.49,0.5579,0.95,9.51,2,31.05
2,D20,T61,3,3.002,1.015,2.015,db,5,2,2,0,5,5,35,0.0,0.561,0.73,16.12,3,0.0
2,D23,T24,3,3.017,4.023,2.035,frontend,1,8,5,2,1,2,8,72.54,0.6298,4.54,4.8,2,49.88
2,D24,T64,1,4.041,4.051,4.053,backend,3,1,0,3,0,5,30,0.0,0.5502,0.38,11.01,2,0.0
2,D22,T66,3,5.0,3.009,5.0,backend,10,2,1,4,0,5,40,0.0,0.5311,0.66,43.99,3,0.0
2,D15,T80,1,4.018,3.047,3.06,frontend,2,2,1,2,0,6,18,23.3,0.4937,0.78,8.41,0,24.53
2,D5,T14,1,3.002,3.005,2.09,db,1,5,2,0,1,4,16,24.67,0.6889,2.79,1.67,1,65.69
2,D16,T100,1,3.019,5.0,2.005,db,3,8,2,0,1,5,35,0.0,0.5988,3.1,21.68,1,0.0
2,D23,T22,3,3.017,4.023,2.035,db,2,2,2,0,2,2,6,71.53,0.7641,1.41,4.61,1,61.38
2,D1,T76,3,4.007,5.0,3.031,backend,9,2,2,3,2,6,42,0.0,0.6287,0.77,67.64,5,0.0
2,D11,T57,2,4.091,5.0,2.067,frontend,9,4,1,0,0,4,12,41.14,0.3171,1.08,46.69,3,0.0
2,D1,T32,3,4.007,5.0,3.031,backend,5,7,1,4,2,4,32,0.0,0.6987,3.27,30.9,2,0.0
2,D16,T78,1,3.019,5.0,2.005,db,8,6,1,1,5,3,18,1.39,0.38,1.8,48.25,5,0.0
2,D19,T90,1,3.035,5.0,3.002,frontend,10,6,3,2,0,3,12,29.57,0.7557,3.87,38.88,5,0.0
2,D10,T62,1,4.001,2.04,4.023,frontend,2,1,4,0,0,2,12,34.82,0.7772,0.66,5.29,1,61.22
2,D17,T5,3,1.036,4.007,2.001,db,2,8,0,1,2,6,18,1.27,0.8185,5.17,3.45,0,40.48
2,D6,T82,3,3.002,4.009,4.009,frontend,4,1,5,1,2,5,15,47.18,0.5495,0.45,14.36,4,20.06
2,D19,T78,1,3.035,5.0,3.002,db,8,6,1,1,5,1,8,56.62,0.4992,2.7,40.45,4,0.0
2,D24,T13,1,4.041,4.051,4.053,db,6,8,1,0,4,4,16,20.31,0.6999,4.54,17.1,3,3.08
2,D27,T90,2,3.02,1.006,5.0,frontend,10,6,3,2,0,4,12,50.81,0.7979,4.09,22.3,3,28.51
2,D17,T20,3,1.036,4.007,2.001,db,2,1,2,0,4,6,48,0.0,0.5308,0.31,10.93,2,0.0
2,D8,T74,2,2.07,1.016,2.019,db,3,5,0,1,5,6,42,0.0,0.5794,1.76,14.03,0,0.0
2,D20,T46,3,3.002,1.015,2.015,db,2,7,0,0,5,4,24,24.5,0.501,2.57,7.66,2,8.13
2,D4,T39,1,1.007,4.042,2.043,frontend,4,2,3,0,2,2,6,64.83,0.5574,1.03,14.92,1,35.04
2,D7,T21,3,5.0,1.055,2.042,frontend,4,1,4,2,2,1,5,81.77,0.8315,0.78,11.59,0,52.44
2,D13,T17,1,2.009,5.0,2.05,db,2,1,2,1,2,5,25,0.0,0.7937,0.57,7.37,0,6.31
2,D13,T40,1,2.009,5.0,2.05,backend,1,7,0,4,0,1,8,63.23,0.7181,4.53,7.1,0,48.47
2,D24,T32,1,4.041,4.051,4.053,backend,5,7,1,4,2,4,24,0.0,0.7802,3.99,17.27,1,8.41
2,D30,T40,3,1.001,2.006,2.004,backend,1,7,0,4,0,1,5,82.98,0.6505,4.27,3.75,0,45.07
2,D25,T52,3,2.005,4.015,1.014,frontend,9,7,1,1,0,6,42,0.0,0.6982,2.98,37.14,5,0.0
2,D18,T61,2,5.0,3.052,4.006,db,5,2,2,0,5,4,12,29.13,0.6381,1.09,30.37,1,5.32
2,D19,T90,1,3.035,5.0,3.002,frontend,10,6,3,2,0,1,8,56.95,0.7557,4.09,34.72,2,1.1
2,D17,T64,3,1.036,4.007,2.001,backend,3,1,0,3,0,3,18,27.01,0.7673,0.61,11.85,1,42.33
2,D19,T1,1,3.035,5.0,3.002,frontend,1,3,2,1,2,6,42,0.0,0.6457,1.18,6.32,1,5.96
2,D24,T29,1,4.041,4.051,4.053,frontend,7,8,3,1,2,6,30,0.0,0.6609,3.61,38.01,6,0.0
2,D17,T55,3,1.036,4.007,2.001,frontend,1,5,1,2,1,4,12,52.27,0.8653,3.7,4.43,2,62.86
2,D14,T12,1,1.062,5.0,5.0,db,3,6,1,1,5,3,15,48.4,0.7981,3.93,5.63,3,58.82
2,D19,T91,1,3.035,5.0,3.002,db,3,1,0,2,2,3,18,40.88,0.6387,0.5,14.12,2,14.31
2,D9,T89,3,4.002,4.025,5.0,frontend,6,2,1,0,2,3,18,34.07,0.3485,0.55,32.38,4,0.0
2,D3,T54,3,5.0,2.004,4.003,frontend,5,4,2,2,0,3,12,41.58,0.5197,1.78,35.87,3,0.0
2,D10,T92,1,4.001,2.04,4.023,backend,8,2,0,1,0,5,25,0.0,0.5545,0.8,17.78,1,0.0
2,D11,T87,2,4.091,5.0,2.067,backend,2,4,1,1,1,6,42,0.0,0.3334,0.81,8.1,3,0.0
2,D16,T49,1,3.019,5.0,2.005,frontend,4,4,5,1,2,2,6,69.72,0.5621,2.08,10.16,2,26.26
2,D12,T35,2,4.054,4.001,1.076,frontend,3,3,1,1,2,5,35,0.0,0.4557,0.89,14.61,1,0.0
2,D9,T4,3,4.002,4.025,5.0,db,4,3,2,0,1,4,32,0.0,0.2587,0.52,24.85,3,0.0
2,D28,T72,3,3.06,1.013,4.004,db,3,7,2,2,4,6,36,0.0,0.9184,4.13,8.56,1,15.5
2,D7,T49,3,5.0,1.055,2.042,frontend,4,4,5,1,2,1,6,67.08,0.996,3.69,8.6,2,41.34
2,D20,T60,3,3.002,1.015,2.015,frontend,5,7,2,2,0,1,7,73.63,0.7701,4.92,11.22,2,40.24
2,D24,T80,1,4.041,4.051,4.053,frontend,2,2,1,2,0,5,40,0.0,0.4109,0.51,3.8,2,0.0
2,D29,T59,2,2.08,3.071,1.031,backend,3,8,1,2,2,6,48,0.0,0.7884,3.68,17.1,1,0.0
2,D15,T44,1,4.018,3.047,3.06,frontend,3,4,4,0,2,5,15,43.97,0.8137,2.67,14.27,1,29.77
2,D20,T67,3,3.002,1.015,2.015,backend,5,6,2,5,0,5,35,0.0,0.4113,1.6,13.72,3,0.0
2,D29,T56,2,2.08,3.071,1.031,backend,8,4,1,2,1,3,12,38.07,0.8165,2.79,16.61,1,47.85
2,D2,T91,2,3.041,3.056,3.0,db,3,1,0,2,2,1,3,85.45,0.736,0.71,15.98,2,16.37
2,D13,T8,1,2.009,5.0,2.05,db,4,8,2,0,4,5,15,20.96,0.5157,3.39,24.86,1,0.0
2,D2,T69,2,3.041,3.056,3.0,backend,3,7,0,4,1,2,12,37.18,0.6747,4.03,13.62,1,26.31
2,D14,T13,1,1.062,5.0,5.0,db,6,8,1,0,4,4,20,0.0,0.6281,3.86,14.79,8,0.0
2,D14,T68,1,1.062,5.0,5.0,backend,2,3,1,2,1,6,36,0.0,0.5169,1.0,5.88,1,0.0
2,D3,T83,3,5.0,2.004,4.003,db,6,2,2,1,1,6,30,0.0,0.4994,0.68,40.64,2,0.0
2,D12,T8,2,4.054,4.001,1.076,db,4,8,2,0,4,6,30,0.0,0.3874,2.11,41.07,1,0.0
2,D27,T46,2,3.02,1.006,5.0,db,2,7,0,0,5,1,4,82.0,0.8591,5.71,6.34,1,69.76
2,D22,T46,3,5.0,3.009,5.0,db,2,7,0,0,5,2,14,22.6,0.6996,4.07,7.5,1,33.61
2,D10,T73,1,4.001,2.04,4.023,frontend,3,8,2,0,1,1,8,53.89,0.5672,4.09,20.78,1,5.98
2,D23,T40,3,3.017,4.023,2.035,backend,1,7,0,4,0,5,30,0.02,0.7853,3.75,4.93,3,1.72
2,D9,T2,3,4.002,4.025,5.0,db,8,3,0,1,3,6,42,0.0,0.4887,0.89,37.45,0,0.0
2,D25,T94,3,2.005,4.015,1.014,backend,5,8,2,3,0,5,20,32.86,0.8475,5.21,18.26,2,17.28
2,D27,T16,2,3.02,1.006,5.0,frontend,3,4,5,2,0,2,12,39.1,0.5627,1.92,12.34,2,28.14
2,D9,T68,3,4.002,4.025,5.0,backend,2,3,1,2,1,2,10,46.03,0.4869,1.28,7.79,0,33.4
2,D29,T32,2,2.08,3.071,1.031,backend,5,7,1,4,2,5,35,0.0,0.8054,3.65,19.01,1,0.0
2,D26,T78,1,3.008,1.0,4.037,db,8,6,1,1,5,5,25,12.52,0.8242,3.57,30.39,5,0.0
2,D30,T25,3,1.001,2.006,2.004,frontend,4,6,4,0,1,4,24,15.57,0.5097,2.24,22.91,1,0.0
2,D9,T26,3,4.002,4.025,5.0,backend,3,1,1,2,0,4,32,0.0,0.4569,0.31,9.8,2,0.0
2,D12,T17,2,4.054,4.001,1.076,db,2,1,2,1,2,5,40,0.0,0.6774,0.42,13.83,1,0.0
2,D26,T88,1,3.008,1.0,4.037,backend,3,6,1,3,0,2,16,31.03,0.5385,2.62,10.93,3,5.66
2,D20,T11,3,3.002,1.015,2.015,frontend,4,1,3,0,0,4,16,46.41,0.8886,0.72,15.55,2,28.41
2,D15,T46,1,4.018,3.047,3.06,db,2,7,0,0,5,4,12,62.06,0.4943,2.96,8.9,1,23.12
3,D20,T51,3,3.005,1.027,2.015,backend,10,4,0,1,2,4,12,49.23,0.8461,2.89,15.56,1,26.53
3,D22,T100,3,5.0,3.02,5.0,db,3,8,2,0,1,2,10,47.27,0.279,1.96,4.86,1,21.7
3,D24,T25,1,4.042,4.112,4.109,frontend,4,6,4,0,1,2,14,23.18,0.6961,3.47,18.86,6,0.0
3,D27,T73,2,3.052,1.031,5.0,frontend,3,8,2,0,1,5,15,35.94,0.7022,4.61,8.41,4,0.0
3,D2,T70,2,3.09,3.106,3.054,db,10,3,1,0,2,4,12,62.15,0.6555,1.68,49.59,2,0.0
3,D5,T41,1,3.097,3.093,2.125,db,7,1,0,1,4,3,12,56.87,0.5774,0.49,32.81,1,0.0
3,D21,T95,3,1.078,4.073,5.0,backend,8,3,1,3,0,3,9,56.96,0.7173,1.91,43.15,8,0.0
3,D24,T68,1,4.042,4.112,4.109,backend,2,3,1,2,1,5,30,0.0,0.5012,1.03,4.45,0,11.9
3,D1,T29,3,4.025,5.0,3.038,frontend,7,8,3,1,2,2,14,18.82,0.6459,4.3,48.08,2,0.0
3,D24,T53,1,4.042,4.112,4.109,backend,10,4,2,5,1,4,28,0.0,0.6981,1.95,52.33,7,0.0
3,D15,T40,1,4.032,3.115,3.099,backend,1,7,0,4,0,4,24,0.0,0.5992,3.07,5.6,1,0.57
3,D3,T82,3,5.0,2.009,4.006,frontend,4,1,5,1,2,4,20,18.88,0.8894,0.68,21.08,1,29.3
3,D26,T78,1,3.016,1.021,4.059,db,8,6,1,1,5,6,42,0.0,0.8256,3.02,29.19,5,0.0
3,D3,T41,3,5.0,2.009,4.006,db,7,1,0,1,4,3,12,53.21,0.7988,0.68,32.93,1,15.62
3,D26,T68,1,3.016,1.021,4.059,backend,2,3,1,2,1,1,6,73.76,0.69,1.92,2.76,1,48.71
3,D20,T54,3,3.005,1.027,2.015,frontend,5,4,2,2,0,4,16,11.16,0.7703,2.5,21.32,1,0.0
3,D14,T78,1,1.137,5.0,5.0,db,8,6,1,1,5,3,12,54.73,0.7959,4.08,10.72,4,20.77
3,D13,T86,1,2.054,5.0,2.063,backend,8,7,2,5,2,6,24,0.0,0.9954,5.1,33.34,3,0.0
3,D28,T49,3,3.072,1.096,4.086,frontend,4,4,5,1,2,5,30,0.0,0.7013,1.91,7.53,6,0.0
3,D5,T33,1,3.097,3.093,2.125,backend,10,3,0,5,2,1,6,80.31,0.6126,1.7,27.84,1,0.0
3,D11,T60,2,4.144,5.0,2.147,frontend,5,7,2,2,0,3,18,45.89,0.5283,2.92,24.7,1,11.47
3,D9,T10,3,4.012,4.042,5.0,frontend,2,8,3,0,0,3,24,0.0,0.5265,3.08,8.33,1,3.4
3,D19,T64,1,3.049,5.0,3.053,backend,3,1,0,3,0,1,4,76.14,0.516,0.49,8.59,1,32.98
3,D25,T8,3,2.007,4.03,1.024,db,4,8,2,0,4,1,8,65.13,0.4412,3.18,26.19,2,13.68
3,D19,T14,1,3.049,5.0,3.053,db,1,5,2,0,1,5,40,0.0,0.4722,1.46,4.73,2,0.0
3,D23,T22,3,3.027,4.048,2.055,db,2,2,2,0,2,3,15,27.08,0.7602,1.25,4.24,0,68.74
3,D25,T27,3,2.007,4.03,1.024,backend,5,6,0,1,1,6,36,0.0,0.5353,2.06,22.24,0,0.0
3,D24,T54,1,4.042,4.112,4.109,frontend,5,4,2,2,0,6,30,0.0,0.5261,1.44,28.69,3,0.0
3,D2,T92,2,3.09,3.106,3.054,backend,8,2,0,1,0,6,30,0.0,0.5012,0.68,40.11,3,0.0
3,D6,T71,3,3.007,4.021,4.019,frontend,4,8,2,0,1,4,16,19.91,0.5875,3.81,16.38,2,7.81
3,D28,T39,3,3.072,1.096,4.086,frontend,4,2,3,0,2,3,24,0.15,0.874,1.28,13.59,3,0.0
3,D22,T52,3,5.0,3.02,5.0,frontend,9,7,1,1,0,3,18,0.0,0.269,1.49,24.34,2,0.0
3,D7,T80,3,5.0,1.082,2.123,frontend,2,2,1,2,0,1,4,83.06,0.4104,0.78,10.42,0,32.06
3,D27,T85,2,3.052,1.031,5.0,frontend,9,1,4,1,2,1,6,64.56,0.7947,0.74,18.23,1,49.16
3,D27,T81,2,3.052,1.031,5.0,backend,7,1,1,4,0,1,7,58.95,0.3911,0.36,42.39,2,0.0
3,D9,T50,3,4.012,4.042,5.0,db,10,2,0,0,2,4,24,0.0,0.3175,0.46,66.06,6,0.0
3,D25,T10,3,2.007,4.03,1.024,frontend,2,8,3,0,0,1,4,83.03,0.6486,4.93,4.63,1,62.16
3,D3,T61,3,5.0,2.009,4.006,db,5,2,2,0,5,5,25,0.0,0.6903,1.0,22.97,5,0.0
3,D21,T59,3,1.078,4.073,5.0,backend,3,8,1,2,2,2,12,42.95,0.6573,4.49,11.1,0,29.29
3,D3,T34,3,5.0,2.009,4.006,backend,1,4,1,3,0,3,24,0.0,0.5609,1.64,6.82,2,0.0
3,D30,T45,3,1.01,2.008,2.013,frontend,7,5,2,0,2,5,35,0.0,0.7804,2.53,50.39,4,0.0
3,D28,T44,3,3.072,1.096,4.086,frontend,3,4,4,0,2,2,6,80.34,0.7713,2.86,10.06,0,50.85
3,D24,T33,1,4.042,4.112,4.109,backend,10,3,0,5,2,3,18,20.1,0.6281,1.49,27.16,7,0.0
3,D29,T86,2,2.097,3.077,1.102,backend,8,7,2,5,2,4,28,0.0,0.7374,3.6,10.41,5,0.0
3,D29,T100,2,2.097,3.077,1.102,db,3,8,2,0,1,3,9,57.84,0.831,5.91,11.76,1,47.96
3,D7,T11,3,5.0,1.082,2.123,frontend,4,1,3,0,0,4,32,0.0,0.6422,0.43,14.97,3,0.0
3,D27,T72,2,3.052,1.031,5.0,db,3,7,2,2,4,4,20,0.0,0.8,4.31,9.66,0,25.28
3,D1,T75,3,4.025,5.0,3.038,backend,1,5,1,1,1,6,24,0.0,0.3076,1.13,3.59,0,0.0
3,D10,T22,1,4.035,2.042,4.049,db,2,2,2,0,2,6,24,0.0,0.591,0.86,8.57,0,0.0
3,D17,T61,3,1.043,4.03,2.025,db,5,2,2,0,5,2,14,40.93,0.4128,0.69,16.8,0,6.31
3,D24,T2,1,4.042,4.112,4.109,db,8,3,0,1,3,3,15,22.95,0.5901,1.45,49.66,2,0.0
3,D13,T97,1,2.054,5.0,2.063,backend,9,2,1,3,0,1,4,79.17,0.6454,1.23,56.67,2,0.0
3,D20,T83,3,3.005,1.027,2.015,db,6,2,2,1,1,4,12,41.19,0.8467,1.45,15.48,2,51.64
3,D28,T95,3,3.072,1.096,4.086,backend,8,3,1,3,0,2,10,59.19,0.5453,1.44,29.52,4,0.0
3,D30,T44,3,1.01,2.008,2.013,frontend,3,4,4,0,2,4,32,0.0,0.5404,1.44,5.55,1,0.0
3,D7,T8,3,5.0,1.082,2.123,db,4,8,2,0,4,4,32,0.0,0.6307,3.37,27.02,4,0.0
3,D7,T1,3,5.0,1.082,2.123,frontend,1,3,2,1,2,6,36,0.0,0.6322,1.22,4.81,1,24.93
3,D2,T35,2,3.09,3.106,3.054,frontend,3,3,1,1,2,4,16,5.78,0.6123,1.49,13.26,1,5.9
3,D16,T45,1,3.031,5.0,2.012,frontend,7,5,2,0,2,2,10,43.18,0.6259,2.75,41.97,4,0.0
3,D13,T99,1,2.054,5.0,2.063,db,2,6,2,2,3,6,18,19.41,0.7359,3.48,9.29,0,54.46
3,D20,T33,3,3.005,1.027,2.015,backend,10,3,0,5,2,5,25,0.0,0.3725,0.81,31.07,5,0.0
3,D10,T51,1,4.035,2.042,4.049,backend,10,4,0,1,2,1,6,77.98,0.6117,2.26,15.33,7,0.0
3,D24,T23,1,4.042,4.112,4.109,db,6,2,1,1,3,1,4,80.06,0.6201,1.18,19.73,1,22.55
3,D19,T55,1,3.049,5.0,3.053,frontend,1,5,1,2,1,6,42,0.0,0.5425,1.65,3.85,4,0.0
3,D21,T50,3,1.078,4.073,5.0,db,10,2,0,0,2,2,6,81.16,0.404,0.75,16.73,1,16.52
3,D17,T73,3,1.043,4.03,2.025,frontend,3,8,2,0,1,6,18,39.49,0.6529,4.12,8.91,1,43.45
3,D20,T69,3,3.005,1.027,2.015,backend,3,7,0,4,1,1,8,55.51,0.4625,2.92,9.76,4,10.92
3,D25,T5,3,2.007,4.03,1.024,db,2,8,0,1,2,3,9,66.98,0.6712,4.78,5.8,0,47.15
3,D26,T36,1,3.016,1.021,4.059,frontend,2,5,1,1,0,2,6,76.08,0.6353,2.94,8.23,1,41.69
3,D13,T38,1,2.054,5.0,2.063,frontend,2,5,1,0,0,6,24,20.25,0.5616,2.05,4.18,4,16.18
3,D4,T37,1,1.039,4.064,2.09,backend,10,2,2,4,1,6,48,0.0,0.9116,1.06,38.84,5,0.0
3,D10,T53,1,4.035,2.042,4.049,backend,10,4,2,5,1,4,20,7.52,0.4518,1.39,41.41,4,0.0
3,D9,T59,3,4.012,4.042,5.0,backend,3,8,1,2,2,2,6,75.47,0.5144,3.81,12.0,0,29.15
3,D2,T47,2,3.09,3.106,3.054,backend,9,2,0,5,1,5,30,0.0,0.5566,0.76,49.92,6,0.0
3,D18,T38,2,5.0,3.131,4.048,frontend,2,5,1,0,0,3,12,36.83,0.242,1.03,5.98,0,16.11
3,D23,T23,3,3.027,4.048,2.055,db,6,2,1,1,3,2,10,59.6,0.6734,1.18,32.82,0,5.93
3,D20,T53,3,3.005,1.027,2.015,backend,10,4,2,5,1,3,15,16.6,0.4425,1.45,20.42,6,0.0
3,D15,T49,1,4.032,3.115,3.099,frontend,4,4,5,1,2,4,16,44.25,0.7451,2.41,16.21,2,26.33
3,D30,T70,3,1.01,2.008,2.013,db,10,3,1,0,2,5,15,12.08,0.8977,2.21,25.33,3,3.86
3,D4,T55,1,1.039,4.064,2.09,frontend,1,5,1,2,1,3,15,34.07,0.8594,3.53,2.79,0,64.07
3,D28,T30,3,3.072,1.096,4.086,frontend,6,1,1,1,1,6,36,0.0,0.654,0.42,20.29,3,0.0
3,D21,T73,3,1.078,4.073,5.0,frontend,3,8,2,0,1,1,6,69.61,0.5657,4.19,14.91,1,32.66
3,D3,T100,3,5.0,2.009,4.006,db,3,8,2,0,1,2,16,5.57,0.4488,2.91,14.09,2,5.07
3,D3,T10,3,5.0,2.009,4.006,frontend,2,8,3,0,0,1,7,60.84,0.5394,3.94,7.17,1,36.2
3,D16,T80,1,3.031,5.0,2.012,frontend,2,2,1,2,0,4,12,29.67,0.5459,0.93,7.99,3,22.98
3,D23,T76,3,3.027,4.048,2.055,backend,9,2,2,3,2,4,16,48.96,0.8212,1.33,22.21,4,2.69
3,D16,T26,1,3.031,5.0,2.012,backend,3,1,1,2,0,3,24,0.0,0.4781,0.35,13.87,1,0.0
3,D1,T64,3,4.025,5.0,3.038,backend,3,1,0,3,0,5,15,50.71,0.4676,0.38,13.26,2,11.48
3,D20,T12,3,3.005,1.027,2.015,db,3,6,1,1,5,3,21,17.21,0.5803,2.64,4.18,2,16.96
3,D22,T74,3,5.0,3.02,5.0,db,3,5,0,1,5,4,28,0.0,0.749,2.61,8.64,0,16.48
3,D6,T29,3,3.007,4.021,4.019,frontend,7,8,3,1,2,4,20,8.19,0.7875,4.84,37.96,5,0.0
3,D22,T58,3,5.0,3.02,5.0,frontend,4,5,3,0,1,1,8,62.58,0.489,2.2,9.59,1,46.92
3,D9,T73,3,4.012,4.042,5.0,frontend,3,8,2,0,1,3,12,40.08,0.4365,2.98,15.7,2,8.93
3,D16,T75,1,3.031,5.0,2.012,backend,1,5,1,1,1,1,7,73.35,0.3881,1.77,2.05,0,36.31
3,D12,T45,2,4.081,4.077,1.111,frontend,7,5,2,0,2,4,20,0.0,0.5198,2.0,48.47,9,0.0
3,D4,T82,1,1.039,4.064,2.09,frontend,4,1,5,1,2,6,42,0.0,0.3688,0.22,22.15,3,0.0
3,D12,T47,2,4.081,4.077,1.111,backend,9,2,0,5,1,2,12,35.58,0.6819,1.17,45.43,7,0.0
3,D6,T77,3,3.007,4.021,4.019,frontend,1,2,3,0,2,1,3,88.06,0.7375,1.42,3.31,0,66.83
3,D8,T90,2,2.111,1.048,2.081,frontend,10,6,3,2,0,4,20,0.0,0.7833,3.61,47.92,4,0.0
3,D6,T89,3,3.007,4.021,4.019,frontend,6,2,1,0,2,5,40,0.0,0.4975,0.62,44.28,3,0.0
3,D21,T46,3,1.078,4.073,5.0,db,2,7,0,0,5,5,40,0.0,0.764,3.31,11.83,0,0.0
3,D26,T99,1,3.016,1.021,4.059,db,2,6,2,2,3,3,18,2.04,0.7935,3.76,3.96,0,28.18
3,D14,T97,1,1.137,5.0,5.0,backend,9,2,1,3,0,1,5,83.32,0.6031,1.13,29.62,5,0.0
3,D4,T7,1,1.039,4.064,2.09,backend,5,5,0,3,2,3,18,31.56,0.8177,3.23,11.96,4,15.77
3,D14,T44,1,1.137,5.0,5.0,frontend,3,4,4,0,2,3,21,28.8,0.3164,0.96,7.61,0,14.5
3,D7,T78,3,5.0,1.082,2.123,db,8,6,1,1,5,1,5,78.97,0.5307,2.99,47.7,4,0.0
3,D14,T29,1,1.137,5.0,5.0,frontend,7,8,3,1,2,1,5,72.22,0.4864,3.65,16.05,2,24.31
3,D23,T13,3,3.027,4.048,2.055,db,6,8,1,0,4,2,12,35.66,0.5034,3.44,28.66,3,0.0
3,D8,T1,2,2.111,1.048,2.081,frontend,1,3,2,1,2,5,40,0.0,0.9818,1.82,2.12,2,33.69
3,D19,T2,1,3.049,5.0,3.053,db,8,3,0,1,3,4,16,19.66,0.7022,1.71,24.24,0,2.15
3,D12,T55,2,4.081,4.077,1.111,frontend,1,5,1,2,1,6,36,0.0,0.5231,1.68,3.2,2,0.0
3,D15,T15,1,4.032,3.115,3.099,backend,5,6,0,1,1,4,20,0.0,0.4816,2.22,24.88,2,0.0
3,D16,T63,1,3.031,5.0,2.012,db,5,6,0,0,2,2,10,42.53,0.6576,3.46,39.78,3,0.0
3,D3,T29,3,5.0,2.009,4.006,frontend,7,8,3,1,2,4,12,31.51,0.6494,4.44,73.56,3,0.0
3,D4,T79,1,1.039,4.064,2.09,backend,8,3,1,3,2,3,21,0.0,0.8677,1.98,35.75,4,0.0
3,D12,T67,2,4.081,4.077,1.111,backend,5,6,2,5,0,1,6,73.71,0.7519,4.18,31.14,2,3.73
3,D29,T83,2,2.097,3.077,1.102,db,6,2,2,1,1,6,18,35.79,0.881,1.39,25.92,2,21.52
3,D6,T72,3,3.007,4.021,4.019,db,3,7,2,2,4,2,6,73.07,0.8665,5.61,10.06,1,55.73
3,D17,T15,3,1.043,4.03,2.025,backend,5,6,0,1,1,6,42,0.0,0.5535,2.02,15.69,3,0.0
3,D26,T48,1,3.016,1.021,4.059,db,8,8,0,2,1,5,25,0.0,0.4935,2.85,36.44,3,0.0
3,D29,T96,2,2.097,3.077,1.102,frontend,5,3,4,0,0,6,42,0.0,0.5847,1.07,34.63,0,0.0
3,D24,T43,1,4.042,4.112,4.109,db,9,7,2,1,5,5,30,0.0,0.6762,3.23,38.06,4,0.0
3,D25,T13,3,2.007,4.03,1.024,db,6,8,1,0,4,4,28,0.0,0.4112,2.3,32.98,1,0.0
3,D23,T62,3,3.027,4.048,2.055,frontend,2,1,4,0,0,3,24,0.0,0.6192,0.45,4.38,1,0.8
3,D12,T86,2,4.081,4.077,1.111,backend,8,7,2,5,2,2,12,36.41,0.7585,4.54,32.47,3,0.0
3,D24,T59,1,4.042,4.112,4.109,backend,3,8,1,2,2,5,20,36.06,0.5312,3.27,22.02,1,0.0
3,D26,T29,1,3.016,1.021,4.059,frontend,7,8,3,1,2,4,32,0.0,0.9353,5.0,17.59,4,0.0
3,D18,T52,2,5.0,3.131,4.048,frontend,9,7,1,1,0,2,12,56.97,0.292,1.75,33.24,12,0.0
3,D17,T42,3,1.043,4.03,2.025,frontend,6,5,4,0,0,5,20,0.0,0.3829,1.47,27.12,8,0.0
3,D8,T10,2,2.111,1.048,2.081,frontend,2,8,3,0,0,1,7,59.44,0.7785,5.69,4.62,1,56.91
3,D23,T55,3,3.027,4.048,2.055,frontend,1,5,1,2,1,4,28,14.81,0.6227,2.17,4.18,1,29.07
3,D30,T5,3,1.01,2.008,2.013,db,2,8,0,1,2,6,18,14.0,0.9177,5.79,4.55,0,68.14
3,D19,T78,1,3.049,5.0,3.053,db,8,6,1,1,5,6,18,19.99,0.5049,2.39,41.71,4,0.0
3,D16,T71,1,3.031,5.0,2.012,frontend,4,8,2,0,1,4,20,0.0,0.5959,3.67,14.85,4,0.0
3,D9,T81,3,4.012,4.042,5.0,backend,7,1,1,4,0,3,21,29.63,0.6944,0.53,22.89,2,0.0
3,D12,T3,2,4.081,4.077,1.111,db,1,1,0,2,4,4,32,0.0,0.427,0.29,5.37,0,4.13
3,D5,T50,1,3.097,3.093,2.125,db,10,2,0,0,2,4,16,14.79,0.7374,1.19,28.29,2,15.28
3,D17,T83,3,1.043,4.03,2.025,db,6,2,2,1,1,1,6,69.73,0.6968,1.29,23.11,0,26.6
3,D14,T73,1,1.137,5.0,5.0,frontend,3,8,2,0,1,5,30,0.0,0.5264,2.87,8.75,2,0.0
3,D2,T33,2,3.09,3.106,3.054,backend,10,3,0,5,2,6,42,0.0,0.5866,1.07,71.45,3,0.0
3,D14,T52,1,1.137,5.0,5.0,frontend,9,7,1,1,0,4,16,7.76,0.6336,3.59,22.2,5,0.0
3,D22,T10,3,5.0,3.02,5.0,frontend,2,8,3,0,0,5,15,14.95,0.459,3.01,8.64,3,13.93
3,D7,T9,3,5.0,1.082,2.123,backend,8,4,0,3,0,3,24,0.0,0.4561,1.33,38.47,4,0.0
3,D17,T65,3,1.043,4.03,2.025,frontend,4,6,2,2,2,4,28,0.0,0.7829,3.28,9.88,5,0.0
3,D8,T35,2,2.111,1.048,2.081,frontend,3,3,1,1,2,3,15,24.42,0.8618,2.12,5.33,2,60.97
3,D20,T59,3,3.005,1.027,2.015,backend,3,8,1,2,2,3,24,0.0,0.7825,4.58,12.01,0,11.18
3,D2,T85,2,3.09,3.106,3.054,frontend,9,1,4,1,2,3,15,30.38,0.7539,0.62,32.86,1,12.45
3,D20,T81,3,3.005,1.027,2.015,backend,7,1,1,4,0,1,4,80.24,0.4825,0.46,14.4,3,11.41
3,D25,T50,3,2.007,4.03,1.024,db,10,2,0,0,2,4,20,15.82,0.6212,0.96,20.6,3,10.85
3,D5,T87,1,3.097,3.093,2.125,backend,2,4,1,1,1,5,15,23.92,0.6102,2.0,12.55,1,28.26
3,D20,T50,3,3.005,1.027,2.015,db,10,2,0,0,2,3,12,60.47,0.8567,1.46,34.94,2,15.83
3,D16,T67,1,3.031,5.0,2.012,backend,5,6,2,5,0,1,8,65.66,0.8881,4.8,25.11,1,40.57
3,D6,T77,3,3.007,4.021,4.019,frontend,1,2,3,0,2,6,48,0.0,0.7375,0.86,4.94,0,31.89
3,D2,T25,2,3.09,3.106,3.054,frontend,4,6,4,0,1,4,32,0.0,0.6739,2.7,16.55,3,0.0
3,D16,T31,1,3.031,5.0,2.012,backend,4,5,0,4,0,4,24,0.0,0.6681,2.44,9.4,3,0.0
3,D17,T17,3,1.043,4.03,2.025,db,2,1,2,1,2,6,36,0.0,0.8168,0.52,5.38,0,20.7
3,D1,T4,3,4.025,5.0,3.038,db,4,3,2,0,1,4,16,13.43,0.4447,1.08,24.66,5,0.0
3,D23,T43,3,3.027,4.048,2.055,db,9,7,2,1,5,1,3,82.16,0.4634,3.12,29.68,6,0.0
3,D23,T34,3,3.027,4.048,2.055,backend,1,4,1,3,0,6,36,0.0,0.7112,1.83,2.52,0,21.03
3,D5,T12,1,3.097,3.093,2.125,db,3,6,1,1,5,3,9,71.64,0.4874,2.6,7.8,0,32.47
3,D12,T72,2,4.081,4.077,1.111,db,3,7,2,2,4,6,48,0.0,0.487,1.99,11.83,1,0.0
3,D1,T21,3,4.025,5.0,3.038,frontend,4,1,4,2,2,1,4,78.99,0.8159,0.78,15.26,1,58.49
3,D1,T17,3,4.025,5.0,3.038,db,2,1,2,1,2,4,20,29.42,0.6147,0.47,4.83,1,43.37
3,D8,T100,2,2.111,1.048,2.081,db,3,8,2,0,1,2,10,60.42,0.8145,5.72,4.03,1,60.18
3,D15,T64,1,4.032,3.115,3.099,backend,3,1,0,3,0,6,42,0.0,0.6916,0.42,14.05,2,0.0
3,D23,T58,3,3.027,4.048,2.055,frontend,4,5,3,0,1,1,5,82.2,0.7627,3.58,9.74,1,64.35
3,D9,T62,3,4.012,4.042,5.0,frontend,2,1,4,0,0,3,9,63.51,0.6465,0.57,8.56,1,38.74
3,D3,T38,3,5.0,2.009,4.006,frontend,2,5,1,0,0,4,16,24.66,0.2994,1.21,7.61,2,6.8
3,D23,T26,3,3.027,4.048,2.055,backend,3,1,1,2,0,6,36,0.0,0.5912,0.38,15.87,2,0.0
3,D6,T94,3,3.007,4.021,4.019,backend,5,8,2,3,0,5,25,0.0,0.7066,4.09,19.63,3,0.0
3,D20,T27,3,3.005,1.027,2.015,backend,5,6,0,1,1,3,12,58.24,0.8161,4.18,14.15,0,48.96
3,D22,T29,3,5.0,3.02,5.0,frontend,7,8,3,1,2,2,16,14.03,0.569,3.69,21.62,1,2.6
3,D22,T15,3,5.0,3.02,5.0,backend,5,6,0,1,1,5,35,0.0,0.3876,1.51,13.13,1,0.0
3,D6,T45,3,3.007,4.021,4.019,frontend,7,5,2,0,2,1,6,80.23,0.6175,2.86,44.82,6,0.0
3,D18,T93,2,5.0,3.131,4.048,db,8,6,0,0,4,1,6,64.11,0.6877,3.82,20.05,3,0.0
3,D9,T25,3,4.012,4.042,5.0,frontend,4,6,4,0,1,1,4,83.57,0.6765,3.86,23.06,0,32.96
3,D13,T83,1,2.054,5.0,2.063,db,6,2,2,1,1,4,32,0.0,0.6708,0.9,24.72,6,0.0
3,D21,T3,3,1.078,4.073,5.0,db,1,1,0,2,4,1,8,55.79,0.744,0.67,1.67,0,64.21
3,D3,T87,3,5.0,2.009,4.006,backend,2,4,1,1,1,3,24,0.0,0.5887,1.72,7.32,2,0.0
3,D13,T16,1,2.054,5.0,2.063,frontend,3,4,5,2,0,4,28,0.0,0.4346,1.21,25.41,1,0.0
3,D21,T95,3,1.078,4.073,5.0,backend,8,3,1,3,0,5,30,0.0,0.7173,1.47,25.29,3,0.0
3,D9,T83,3,4.012,4.042,5.0,db,6,2,2,1,1,1,5,73.22,0.3075,0.58,32.99,2,0.0
3,D21,T44,3,1.078,4.073,5.0,frontend,3,4,4,0,2,4,20,0.0,0.3557,1.09,14.49,1,0.0
3,D18,T76,2,5.0,3.131,4.048,backend,9,2,2,3,2,1,4,77.99,0.7728,1.47,69.18,1,0.0
3,D30,T87,3,1.01,2.008,2.013,backend,2,4,1,1,1,5,40,0.0,0.8481,2.1,2.87,1,22.81
3,D14,T51,1,1.137,5.0,5.0,backend,10,4,0,1,2,5,40,0.0,0.3731,0.92,38.11,4,0.0
3,D13,T51,1,2.054,5.0,2.063,backend,10,4,0,1,2,3,24,0.0,0.4154,1.22,43.05,3,0.0
3,D19,T26,1,3.049,5.0,3.053,backend,3,1,1,2,0,3,21,24.36,0.446,0.34,17.16,0,0.07
3,D24,T12,1,4.042,4.112,4.109,db,3,6,1,1,5,5,15,15.09,0.6462,3.18,12.61,0,11.44
3,D29,T4,2,2.097,3.077,1.102,db,4,3,2,0,1,6,30,0.0,0.831,1.7,17.38,1,0.0
3,D14,T10,1,1.137,5.0,5.0,frontend,2,8,3,0,0,2,14,44.36,0.3764,2.5,7.85,2,32.24
3,D25,T12,3,2.007,4.03,1.024,db,3,6,1,1,5,6,18,6.17,0.3412,1.62,10.29,0,2.17
3,D4,T70,1,1.039,4.064,2.09,db,10,3,1,0,2,2,10,50.05,0.7848,2.07,46.47,3,0.0
3,D21,T67,3,1.078,4.073,5.0,backend,5,6,2,5,0,1,3,89.45,0.6927,4.0,22.6,4,0.65
3,D26,T78,1,3.016,1.021,4.059,db,8,6,1,1,5,2,12,63.77,0.8256,4.23,16.53,1,44.09
3,D1,T82,3,4.025,5.0,3.038,frontend,4,1,5,1,2,5,30,0.0,0.6519,0.44,26.44,3,0.0
3,D8,T33,2,2.111,1.048,2.081,backend,10,3,0,5,2,6,36,0.0,0.4178,0.8,35.18,7,0.0
3,D4,T70,1,1.039,4.064,2.09,db,10,3,1,0,2,3,21,11.91,0.7848,1.79,39.82,7,0.0
3,D26,T39,1,3.016,1.021,4.059,frontend,4,2,3,0,2,4,24,4.06,0.8853,1.3,17.42,0,16.08
3,D4,T92,1,1.039,4.064,2.09,backend,8,2,0,1,0,6,48,0.0,0.5177,0.6,31.73,2,0.0
4,D26,T42,1,3.04,1.036,4.09,frontend,6,5,4,0,0,2,16,15.0,0.7103,2.88,16.59,1,20.82
4,D30,T92,3,1.021,2.018,2.021,backend,8,2,0,1,0,5,20,0.0,0.7662,1.18,23.32,4,0.0
4,D23,T55,3,3.035,4.063,2.058,frontend,1,5,1,2,1,3,15,51.59,0.6209,2.55,3.97,2,54.37
4,D18,T77,2,5.0,3.148,4.074,frontend,1,2,3,0,2,6,24,1.57,0.5404,0.79,4.45,1,14.59
4,D27,T23,2,3.084,1.046,5.0,db,6,2,1,1,3,1,8,73.64,0.6952,1.25,18.89,6,0.0
4,D18,T15,2,5.0,3.148,4.074,backend,5,6,0,1,1,6,24,1.94,0.4,1.76,16.89,2,0.0
4,D10,T90,1,4.077,2.062,4.105,frontend,10,6,3,2,0,2,10,42.01,0.7445,3.92,26.5,1,33.95
4,D23,T94,3,3.035,4.063,2.058,backend,5,8,2,3,0,3,15,53.6,0.759,4.98,14.9,1,21.75
4,D23,T15,3,3.035,4.063,2.058,backend,5,6,0,1,1,2,6,74.53,0.449,2.49,13.08,0,33.89
4,D28,T37,3,3.088,1.166,4.118,backend,10,2,2,4,1,2,14,16.67,0.512,0.85,26.79,7,0.0
4,D24,T28,1,4.057,4.116,4.167,backend,1,7,0,5,0,5,35,0.0,0.5661,2.57,3.95,0,0.0
4,D1,T26,3,4.086,5.0,3.04,backend,3,1,1,2,0,2,6,77.57,0.3945,0.37,7.52,1,37.9
4,D14,T77,1,1.186,5.0,5.0,frontend,1,2,3,0,2,5,25,0.0,0.4423,0.64,4.76,0,10.5
4,D26,T54,1,3.04,1.036,4.09,frontend,5,4,2,2,0,3,12,43.66,0.7043,2.41,15.91,4,6.24
4,D26,T53,1,3.04,1.036,4.09,backend,10,4,2,5,1,5,20,18.26,0.3796,1.17,35.87,12,0.0
4,D29,T99,2,2.175,3.152,1.171,db,2,6,2,2,3,5,20,0.0,0.7177,3.31,3.64,0,8.97
4,D21,T21,3,1.149,4.091,5.0,frontend,4,1,4,2,2,3,9,60.13,0.4633,0.41,11.88,3,13.74
4,D6,T82,3,3.014,4.029,4.023,frontend,4,1,5,1,2,4,20,24.69,0.5495,0.42,19.53,1,20.13
4,D7,T50,3,5.0,1.131,2.148,db,10,2,0,0,2,1,4,78.71,0.7757,1.47,34.75,4,5.99
4,D28,T97,3,3.088,1.166,4.118,backend,9,2,1,3,0,2,10,50.19,0.552,0.97,31.05,11,0.0
4,D23,T87,3,3.035,4.063,2.058,backend,2,4,1,1,1,5,15,49.77,0.499,1.64,10.33,2,16.09
4,D5,T86,1,3.122,3.129,2.222,backend,8,7,2,5,2,4,20,19.77,0.7127,3.84,36.68,4,0.0
4,D2,T55,2,3.143,3.116,3.105,frontend,1,5,1,2,1,1,3,83.82,0.6239,3.0,3.63,3,50.98
4,D9,T83,3,4.026,4.06,5.0,db,6,2,2,1,1,1,4,82.25,0.3062,0.58,36.58,1,0.0
4,D30,T16,3,1.021,2.018,2.021,frontend,3,4,5,2,0,5,25,22.19,0.461,1.33,11.34,5,0.0
4,D5,T94,1,3.122,3.129,2.222,backend,5,8,2,3,0,5,20,30.78,0.8618,5.3,13.56,3,38.94
4,D8,T92,2,2.128,1.091,2.094,backend,8,2,0,1,0,1,6,67.56,0.8199,1.52,21.67,3,15.68
4,D8,T74,2,2.128,1.091,2.094,db,3,5,0,1,5,1,8,72.53,0.5829,2.63,11.2,0,47.46
4,D10,T24,1,4.077,2.062,4.105,frontend,1,8,5,2,1,5,15,29.26,0.793,5.21,2.34,0,75.35
4,D14,T52,1,1.186,5.0,5.0,frontend,9,7,1,1,0,3,9,59.16,0.6277,3.91,20.17,5,0.0
4,D6,T69,3,3.014,4.029,4.023,backend,3,7,0,4,1,4,24,16.14,0.7551,3.87,15.65,2,17.05
4,D25,T41,3,2.018,4.048,1.033,db,7,1,0,1,4,5,30,0.0,0.431,0.29,18.53,7,0.0
4,D12,T48,2,4.162,4.163,1.151,db,8,8,0,2,1,1,6,64.42,0.7489,5.55,47.29,3,0.0
4,D29,T53,2,2.175,3.152,1.171,backend,10,4,2,5,1,5,25,0.0,0.7644,2.21,49.34,8,0.0
4,D12,T18,2,4.162,4.163,1.151,db,6,7,1,1,1,3,15,36.76,0.7289,4.19,26.2,1,13.71
4,D28,T7,3,3.088,1.166,4.118,backend,5,5,0,3,2,2,14,33.11,0.562,2.34,17.84,6,0.0
4,D26,T89,1,3.04,1.036,4.09,frontend,6,2,1,0,2,6,36,0.0,0.6407,0.82,20.8,1,0.0
4,D26,T46,1,3.04,1.036,4.09,db,2,7,0,0,5,6,30,0.0,0.7478,3.57,8.13,1,0.0
4,D4,T55,1,1.061,4.095,2.132,frontend,1,5,1,2,1,4,28,0.0,0.854,2.98,4.36,1,48.53
4,D30,T91,3,1.021,2.018,2.021,db,3,1,0,2,2,4,28,0.0,0.9659,0.67,12.48,0,20.73
4,D9,T36,3,4.026,4.06,5.0,frontend,2,5,1,1,0,2,10,56.11,0.3339,1.47,4.97,0,46.05
4,D10,T32,1,4.077,2.062,4.105,backend,5,7,1,4,2,6,18,0.0,0.5504,3.04,21.57,1,0.0
4,D9,T62,3,4.026,4.06,5.0,frontend,2,1,4,0,0,1,5,76.38,0.6439,0.6,9.66,0,62.3
4,D14,T17,1,1.186,5.0,5.0,db,2,1,2,1,2,1,5,80.97,0.4156,0.39,5.11,1,37.67
4,D8,T42,2,2.128,1.091,2.094,frontend,6,5,4,0,0,5,35,0.0,0.658,2.13,14.52,5,0.0
4,D14,T67,1,1.186,5.0,5.0,backend,5,6,2,5,0,4,12,29.28,0.8093,4.15,11.68,5,7.92
4,D1,T82,3,4.086,5.0,3.04,frontend,4,1,5,1,2,3,9,64.74,0.6591,0.59,17.39,2,21.45
4,D14,T46,1,1.186,5.0,5.0,db,2,7,0,0,5,2,12,37.97,0.7144,4.27,3.19,1,56.29
4,D9,T25,3,4.026,4.06,5.0,frontend,4,6,4,0,1,2,14,47.22,0.6739,3.36,28.11,2,12.14
4,D9,T7,3,4.026,4.06,5.0,backend,5,5,0,3,2,1,5,84.89,0.5815,2.73,29.36,1,9.02
4,D27,T95,2,3.084,1.046,5.0,backend,8,3,1,3,0,3,15,21.53,0.5113,1.26,27.09,10,0.0
4,D22,T24,3,5.0,3.037,5.0,frontend,1,8,5,2,1,4,16,10.23,0.8281,5.37,1.06,1,48.54
4,D19,T96,1,3.076,5.0,3.097,frontend,5,3,4,0,0,2,10,58.58,0.5462,1.44,30.76,1,2.74
4,D8,T43,2,2.128,1.091,2.094,db,9,7,2,1,5,1,5,80.12,0.6429,4.22,35.23,5,0.0
4,D2,T69,2,3.143,3.116,3.105,backend,3,7,0,4,1,2,10,61.59,0.6736,4.14,11.43,2,23.87
4,D19,T56,1,3.076,5.0,3.097,backend,8,4,1,2,1,5,40,0.0,0.4733,1.17,39.62,1,0.0
4,D25,T55,3,2.018,4.048,1.033,frontend,1,5,1,2,1,5,40,0.0,0.7744,2.4,5.13,1,17.46
4,D19,T17,1,3.076,5.0,3.097,db,2,1,2,1,2,4,16,36.06,0.6361,0.52,9.73,1,35.06
4,D4,T27,1,1.061,4.095,2.132,backend,5,6,0,1,1,1,7,67.46,0.5416,2.97,11.01,5,0.0
4,D24,T85,1,4.057,4.116,4.167,frontend,9,1,4,1,2,3,18,40.2,0.7723,0.61,28.96,4,0.0
4,D27,T36,2,3.084,1.046,5.0,frontend,2,5,1,1,0,2,8,74.77,0.5976,2.69,5.41,1,40.62
4,D4,T69,1,1.061,4.095,2.132,backend,3,7,0,4,1,5,40,0.0,0.9016,3.91,18.84,1,0.0
4,D27,T91,2,3.084,1.046,5.0,db,3,1,0,2,2,1,5,70.16,0.4998,0.47,8.72,4,28.5
4,D21,T74,3,1.149,4.091,5.0,db,3,5,0,1,5,5,25,0.0,0.811,2.93,5.71,4,0.0
4,D16,T49,1,3.044,5.0,2.023,frontend,4,4,5,1,2,6,48,0.0,0.5646,1.32,11.85,2,0.0
4,D23,T96,3,3.035,4.063,2.058,frontend,5,3,4,0,0,6,24,25.71,0.6193,1.36,17.36,2,14.21
4,D2,T95,2,3.143,3.116,3.105,backend,8,3,1,3,0,1,3,84.78,0.7858,2.27,33.18,3,0.0
4,D17,T39,3,1.051,4.057,2.039,frontend,4,2,3,0,2,2,14,56.41,0.5621,0.94,10.01,3,13.19
4,D9,T35,3,4.026,4.06,5.0,frontend,3,3,1,1,2,5,30,0.0,0.3939,0.81,27.12,3,0.0
4,D20,T63,3,3.012,1.037,2.02,db,5,6,0,0,2,6,48,0.0,0.8554,2.99,27.19,1,0.0
4,D5,T47,1,3.122,3.129,2.222,backend,9,2,0,5,1,6,48,0.0,0.5827,0.68,40.26,3,0.0
4,D21,T36,3,1.149,4.091,5.0,frontend,2,5,1,1,0,1,8,63.76,0.6776,3.05,6.27,0,54.35
4,D5,T67,1,3.122,3.129,2.222,backend,5,6,2,5,0,2,12,47.67,0.6527,3.35,14.08,1,26.18
4,D9,T44,3,4.026,4.06,5.0,frontend,3,4,4,0,2,6,42,0.0,0.7039,1.71,24.65,2,0.0
4,D17,T11,3,1.051,4.057,2.039,frontend,4,1,3,0,0,1,7,75.19,0.5021,0.46,12.82,3,22.08
4,D17,T66,3,1.051,4.057,2.039,backend,10,2,1,4,0,5,20,29.37,0.9294,1.43,48.09,1,0.0
4,D3,T34,3,5.0,2.011,4.014,backend,1,4,1,3,0,2,12,63.97,0.5609,1.92,6.15,0,47.47
4,D18,T58,2,5.0,3.148,4.074,frontend,4,5,3,0,1,2,12,49.24,0.5104,2.18,15.81,2,27.62
4,D12,T5,2,4.162,4.163,1.151,db,2,8,0,1,2,4,12,56.31,0.6151,4.2,6.35,0,61.43
4,D17,T76,3,1.051,4.057,2.039,backend,9,2,2,3,2,4,20,38.88,0.8245,1.27,25.86,6,0.0
4,D27,T39,2,3.084,1.046,5.0,frontend,4,2,3,0,2,1,5,71.28,0.8476,1.59,20.15,1,29.22
4,D14,T25,1,1.186,5.0,5.0,frontend,4,6,4,0,1,5,35,0.0,0.2923,1.14,18.13,2,0.0
4,D23,T54,3,3.035,4.063,2.058,frontend,5,4,2,2,0,6,36,0.0,0.7109,1.83,35.22,1,0.0
4,D4,T34,1,1.061,4.095,2.132,backend,1,4,1,3,0,5,35,0.0,0.8016,2.08,3.93,0,27.09
4,D9,T59,3,4.026,4.06,5.0,backend,3,8,1,2,2,3,15,29.89,0.5115,3.36,15.74,1,15.88
4,D12,T18,2,4.162,4.163,1.151,db,6,7,1,1,1,6,18,0.0,0.7289,4.03,37.45,0,0.0
4,D20,T76,3,3.012,1.037,2.02,backend,9,2,2,3,2,6,30,0.0,0.7132,0.97,40.61,4,0.0
4,D3,T8,3,5.0,2.011,4.014,db,4,8,2,0,4,4,16,11.65,0.8078,5.23,19.41,0,30.11
4,D9,T42,3,4.026,4.06,5.0,frontend,6,5,4,0,0,4,12,37.23,0.6439,2.75,34.11,2,0.41
4,D1,T60,3,4.086,5.0,3.04,frontend,5,7,2,2,0,4,24,0.0,0.5085,2.6,42.1,1,0.0
4,D18,T53,2,5.0,3.148,4.074,backend,10,4,2,5,1,3,12,50.65,0.5355,1.83,85.16,7,0.0
4,D8,T54,2,2.128,1.091,2.094,frontend,5,4,2,2,0,3,21,8.08,0.8764,2.66,31.84,2,0.0
4,D3,T97,3,5.0,2.011,4.014,backend,9,2,1,3,0,2,14,48.76,0.5609,0.93,35.27,2,0.0
4,D2,T14,2,3.143,3.116,3.105,db,1,5,2,0,1,1,4,77.05,0.5573,2.65,6.12,0,46.95
4,D19,T2,1,3.076,5.0,3.097,db,8,3,0,1,3,6,24,0.0,0.6961,1.53,61.13,2,0.0
4,D14,T97,1,1.186,5.0,5.0,backend,9,2,1,3,0,4,20,11.35,0.6007,0.92,22.42,4,0.0
4,D10,T23,1,4.077,2.062,4.105,db,6,2,1,1,3,5,40,0.0,0.722,0.89,49.11,5,0.0
4,D8,T97,2,2.128,1.091,2.094,backend,9,2,1,3,0,2,14,30.16,0.6517,1.08,47.06,5,0.0
4,D17,T12,3,1.051,4.057,2.039,db,3,6,1,1,5,5,40,0.0,0.4903,1.82,7.92,1,2.82
4,D6,T57,3,3.014,4.029,4.023,frontend,9,4,1,0,0,1,8,75.44,0.4362,1.57,51.21,5,0.0
4,D20,T94,3,3.012,1.037,2.02,backend,5,8,2,3,0,3,9,65.9,0.6532,4.65,19.42,6,5.19
4,D30,T75,3,1.021,2.018,2.021,backend,1,5,1,1,1,6,30,0.0,0.8462,2.89,3.29,1,4.05
4,D23,T91,3,3.035,4.063,2.058,db,3,1,0,2,2,6,30,0.0,0.7988,0.55,12.62,1,0.0
4,D25,T90,3,2.018,4.048,1.033,frontend,10,6,3,2,0,2,8,52.9,0.7488,4.05,24.0,3,0.0
4,D11,T43,2,4.237,5.0,2.179,db,9,7,2,1,5,2,12,52.25,0.3944,2.36,83.86,7,0.0
4,D18,T41,2,5.0,3.148,4.074,db,7,1,0,1,4,6,24,0.0,0.7337,0.54,21.86,2,0.0
4,D18,T46,2,5.0,3.148,4.074,db,2,7,0,0,5,5,40,0.0,0.5815,2.52,11.0,0,6.59
4,D2,T94,2,3.143,3.116,3.105,backend,5,8,2,3,0,2,14,49.64,0.8358,5.56,31.44,5,10.89
4,D10,T93,1,4.077,2.062,4.105,db,8,6,0,0,4,2,16,35.36,0.762,3.7,43.56,6,0.0
4,D22,T95,3,5.0,3.037,5.0,backend,8,3,1,3,0,2,10,59.77,0.6456,1.7,29.77,7,0.0
4,D18,T56,2,5.0,3.148,4.074,backend,8,4,1,2,1,2,14,49.12,0.57,1.9,39.88,0,0.0
4,D8,T19,2,2.128,1.091,2.094,frontend,9,3,2,2,1,3,15,15.18,0.9064,2.23,25.36,4,0.0
4,D30,T53,3,1.021,2.018,2.021,backend,10,4,2,5,1,2,10,45.94,0.5626,1.97,29.67,4,0.0
4,D4,T18,1,1.061,4.095,2.132,db,6,7,1,1,1,5,40,0.0,0.7076,3.07,34.21,1,0.0
4,D26,T35,1,3.04,1.036,4.09,frontend,3,3,1,1,2,3,15,38.21,0.6907,1.7,9.59,2,26.39
4,D13,T84,1,2.094,5.0,2.066,frontend,6,4,3,0,1,6,30,9.77,0.6093,1.66,34.9,3,0.0
4,D28,T8,3,3.088,1.166,4.118,db,4,8,2,0,4,5,20,8.03,0.8949,5.51,24.0,2,0.0
4,D3,T6,3,5.0,2.011,4.014,db,7,4,0,1,1,1,4,83.49,0.4378,1.66,35.15,4,0.0
4,D14,T86,1,1.186,5.0,5.0,backend,8,7,2,5,2,3,18,0.0,0.8693,4.8,18.7,4,0.0
4,D2,T71,2,3.143,3.116,3.105,frontend,4,8,2,0,1,3,21,26.89,0.6439,3.91,23.22,0,18.2
4,D5,T71,1,3.122,3.129,2.222,frontend,4,8,2,0,1,5,20,13.25,0.6723,4.14,10.28,2,22.02
4,D23,T93,3,3.035,4.063,2.058,db,8,6,0,0,4,5,40,0.0,0.4728,1.76,37.69,4,0.0
4,D26,T92,1,3.04,1.036,4.09,backend,8,2,0,1,0,4,28,0.0,0.721,1.01,23.36,4,0.0
4,D27,T57,2,3.084,1.046,5.0,frontend,9,4,1,0,0,3,12,62.12,0.5476,1.87,64.94,4,0.0
4,D12,T4,2,4.162,4.163,1.151,db,4,3,2,0,1,4,20,19.34,0.7089,1.64,21.24,1,14.05
4,D10,T3,1,4.077,2.062,4.105,db,1,1,0,2,4,2,14,16.66,0.862,0.72,2.16,0,73.56
4,D6,T17,3,3.014,4.029,4.023,db,2,1,2,1,2,3,24,0.0,0.5754,0.42,11.55,0,0.0
4,D13,T68,1,2.094,5.0,2.066,backend,2,3,1,2,1,2,12,51.36,0.5533,1.42,5.34,1,51.01
4,D9,T94,3,4.026,4.06,5.0,backend,5,8,2,3,0,2,14,34.14,0.6215,4.14,23.6,2,10.3
4,D21,T51,3,1.149,4.091,5.0,backend,10,4,0,1,2,1,3,88.71,0.4816,1.85,28.91,4,0.0
4,D13,T11,1,2.094,5.0,2.066,frontend,4,1,3,0,0,4,28,0.0,0.5793,0.4,8.25,4,0.0
4,D23,T26,3,3.035,4.063,2.058,backend,3,1,1,2,0,6,30,0.0,0.589,0.4,17.59,4,0.0
4,D15,T54,1,4.039,3.174,3.131,frontend,5,4,2,2,0,4,16,27.48,0.6027,1.95,31.61,5,0.0
4,D16,T33,1,3.044,5.0,2.023,backend,10,3,0,5,2,4,12,62.78,0.8471,2.17,31.72,2,6.71
4,D16,T100,1,3.044,5.0,2.023,db,3,8,2,0,1,4,32,0.0,0.5959,3.18,8.84,2,4.15
4,D10,T54,1,4.077,2.062,4.105,frontend,5,4,2,2,0,3,24,2.83,0.6245,1.83,15.79,1,0.0
4,D2,T48,2,3.143,3.116,3.105,db,8,8,0,2,1,2,8,74.04,0.5973,4.31,38.53,3,0.0
4,D30,T51,3,1.021,2.018,2.021,backend,10,4,0,1,2,1,4,80.64,0.8262,3.14,18.88,2,18.37
4,D26,T93,1,3.04,1.036,4.09,db,8,6,0,0,4,4,20,25.1,0.8462,3.9,28.24,1,21.93
4,D23,T6,3,3.035,4.063,2.058,db,7,4,0,1,1,5,35,0.0,0.6288,1.63,32.73,0,0.0
4,D4,T37,1,1.061,4.095,2.132,backend,10,2,2,4,1,2,6,73.85,0.9077,1.68,32.47,3,28.38
4,D1,T42,3,4.086,5.0,3.04,frontend,6,5,4,0,0,1,6,70.93,0.6485,3.0,23.92,5,3.04
4,D6,T86,3,3.014,4.029,4.023,backend,8,7,2,5,2,5,40,0.0,0.7721,3.35,43.96,0,0.0
4,D3,T48,3,5.0,2.011,4.014,db,8,8,0,2,1,4,16,28.5,0.4878,3.16,54.25,5,0.0
4,D18,T94,2,5.0,3.148,4.074,backend,5,8,2,3,0,3,9,71.94,0.71,5.05,31.68,4,0.0
4,D14,T60,1,1.186,5.0,5.0,frontend,5,7,2,2,0,1,6,76.47,0.6023,3.9,11.74,0,34.41
4,D4,T39,1,1.061,4.095,2.132,frontend,4,2,3,0,2,6,36,0.0,0.5586,0.72,19.73,8,0.0
4,D2,T17,2,3.143,3.116,3.105,db,2,1,2,1,2,4,28,0.0,0.7273,0.51,7.61,1,9.82
4,D2,T85,2,3.143,3.116,3.105,frontend,9,1,4,1,2,2,12,56.08,0.7582,0.65,24.94,5,0.0
4,D12,T82,2,4.162,4.163,1.151,frontend,4,1,5,1,2,5,15,51.27,0.7158,0.59,23.81,1,17.07
4,D15,T1,1,4.039,3.174,3.131,frontend,1,3,2,1,2,5,30,0.0,0.6127,1.25,4.93,0,22.77
4,D6,T63,3,3.014,4.029,4.023,db,5,6,0,0,2,1,3,83.57,0.4654,2.69,12.72,5,15.04
4,D26,T55,1,3.04,1.036,4.09,frontend,1,5,1,2,1,5,15,37.17,0.6143,2.52,4.26,3,47.06
4,D25,T28,3,2.018,4.048,1.033,backend,1,7,0,5,0,2,12,52.3,0.7539,4.51,2.5,2,34.99
4,D6,T8,3,3.014,4.029,4.023,db,4,8,2,0,4,4,12,32.16,0.7654,5.23,11.94,3,29.25
4,D3,T27,3,5.0,2.011,4.014,backend,5,6,0,1,1,6,18,0.0,0.5383,2.55,39.63,5,0.0
4,D10,T61,1,4.077,2.062,4.105,db,5,2,2,0,5,5,25,0.0,0.7272,1.05,26.33,2,0.0
4,D18,T15,2,5.0,3.148,4.074,backend,5,6,0,1,1,2,16,30.66,0.4,1.94,12.04,3,1.86
4,D30,T25,3,1.021,2.018,2.021,frontend,4,6,4,0,1,3,21,33.96,0.511,2.33,4.77,0,28.04
4,D1,T90,3,4.086,5.0,3.04,frontend,10,6,3,2,0,4,28,0.0,0.6285,2.63,65.96,5,0.0
4,D8,T94,2,2.128,1.091,2.094,backend,5,8,2,3,0,3,21,32.38,0.7017,4.26,19.14,4,14.62
4,D9,T17,3,4.026,4.06,5.0,db,2,1,2,1,2,1,7,71.78,0.4262,0.39,11.53,0,55.95
4,D9,T15,3,4.026,4.06,5.0,backend,5,6,0,1,1,3,24,19.78,0.3115,1.37,23.05,6,0.0
4,D1,T35,3,4.086,5.0,3.04,frontend,3,3,1,1,2,1,8,73.31,0.3985,1.08,12.72,2,15.81
4,D25,T76,3,2.018,4.048,1.033,backend,9,2,2,3,2,3,15,43.43,0.8443,1.39,34.98,4,0.0
4,D3,T70,3,5.0,2.011,4.014,db,10,3,1,0,2,2,14,43.59,0.5378,1.34,93.72,6,0.0
4,D15,T32,1,4.039,3.174,3.131,backend,5,7,1,4,2,6,42,0.0,0.715,3.05,29.35,2,0.0
4,D29,T97,2,2.175,3.152,1.171,backend,9,2,1,3,0,3,24,0.0,0.8879,1.3,34.7,4,0.0
4,D29,T42,2,2.175,3.152,1.171,frontend,6,5,4,0,0,3,12,54.11,0.5883,2.51,12.61,1,38.7
4,D27,T78,2,3.084,1.046,5.0,db,8,6,1,1,5,2,6,79.06,0.9352,5.19,24.78,3,40.47
4,D21,T67,3,1.149,4.091,5.0,backend,5,6,2,5,0,4,28,15.67,0.6984,2.92,22.08,4,0.35
4,D18,T58,2,5.0,3.148,4.074,frontend,4,5,3,0,1,1,4,83.46,0.5104,2.42,13.12,2,14.48
4,D28,T78,3,3.088,1.166,4.118,db,8,6,1,1,5,4,12,51.81,0.8232,4.22,29.05,2,20.66
4,D26,T38,1,3.04,1.036,4.09,frontend,2,5,1,0,0,3,9,67.64,0.5807,2.58,13.6,0,50.66
4,D3,T50,3,5.0,2.011,4.014,db,10,2,0,0,2,2,10,41.15,0.5078,0.89,39.51,8,0.0
4,D8,T35,2,2.128,1.091,2.094,frontend,3,3,1,1,2,2,16,44.79,0.8573,2.08,9.66,1,37.38
4,D25,T99,3,2.018,4.048,1.033,db,2,6,2,2,3,5,35,0.0,0.661,2.57,6.8,0,0.0
4,D30,T81,3,1.021,2.018,2.021,backend,7,1,1,4,0,1,7,71.7,0.7005,0.64,31.98,5,0.0
4,D22,T66,3,5.0,3.037,5.0,backend,10,2,1,4,0,5,35,0.0,0.5344,0.69,44.17,5,0.0
4,D14,T96,1,1.186,5.0,5.0,frontend,5,3,4,0,0,5,20,0.0,0.2623,0.61,12.31,2,0.0
4,D2,T36,2,3.143,3.116,3.105,frontend,2,5,1,1,0,2,14,25.16,0.5439,2.26,4.78,1,22.15
4,D4,T82,1,1.061,4.095,2.132,frontend,4,1,5,1,2,4,24,0.0,0.3686,0.27,16.79,3,0.0
4,D20,T40,3,3.012,1.037,2.02,backend,1,7,0,4,0,4,32,0.0,0.4332,2.03,5.03,1,0.0
4,D18,T25,2,5.0,3.148,4.074,frontend,4,6,4,0,1,2,12,32.43,0.6304,3.23,18.38,1,24.65
4,D22,T68,3,5.0,3.037,5.0,backend,2,3,1,2,1,6,24,0.0,0.5556,1.22,1.53,1,3.06
4,D15,T71,1,4.039,3.174,3.131,frontend,4,8,2,0,1,6,36,0.0,0.5327,2.74,14.51,2,0.0
4,D8,T9,2,2.128,1.091,2.094,backend,8,4,0,3,0,1,5,75.97,0.6017,2.26,22.22,3,11.66
4,D30,T17,3,1.021,2.018,2.021,db,2,1,2,1,2,5,35,0.0,0.9172,0.59,10.31,0,9.76
4,D21,T44,3,1.149,4.091,5.0,frontend,3,4,4,0,2,3,15,25.63,0.3633,1.19,18.95,2,0.0
4,D25,T41,3,2.018,4.048,1.033,db,7,1,0,1,4,3,18,0.0,0.431,0.34,25.35,1,0.0
4,D22,T41,3,5.0,3.037,5.0,db,7,1,0,1,4,4,16,32.74,0.6281,0.51,28.13,2,0.0
4,D30,T54,3,1.021,2.018,2.021,frontend,5,4,2,2,0,3,9,53.99,0.821,2.92,31.7,2,0.0
4,D23,T77,3,3.035,4.063,2.058,frontend,1,2,3,0,2,6,18,44.13,0.7909,1.25,1.79,2,68.75
4,D30,T65,3,1.021,2.018,2.021,frontend,4,6,2,2,2,4,24,0.9,0.881,3.87,18.15,2,0.0
4,D30,T41,3,1.021,2.018,2.021,db,7,1,0,1,4,5,20,27.75,0.681,0.52,32.3,3,0.0
4,D22,T27,3,5.0,3.037,5.0,backend,5,6,0,1,1,5,30,0.0,0.3856,1.58,31.32,2,0.0
4,D20,T70,3,3.012,1.037,2.02,db,10,3,1,0,2,5,25,0.0,0.8854,1.92,77.57,2,0.0
4,D26,T21,1,3.04,1.036,4.09,frontend,4,1,4,2,2,6,30,0.0,0.7739,0.53,12.35,2,6.21
4,D3,T86,3,5.0,2.011,4.014,backend,8,7,2,5,2,2,14,51.46,0.4309,2.51,27.26,2,0.0
4,D20,T67,3,3.012,1.037,2.02,backend,5,6,2,5,0,5,30,0.0,0.4132,1.69,18.96,4,0.0
5,D22,T96,3,5.0,3.037,5.0,frontend,5,3,4,0,0,3,12,39.6,0.5781,1.48,13.46,3,9.25
5,D21,T95,3,1.171,4.181,5.0,backend,8,3,1,3,0,3,9,60.74,0.6997,1.87,42.41,4,0.0
5,D21,T39,3,1.171,4.181,5.0,frontend,4,2,3,0,2,1,5,75.43,0.4815,0.9,13.63,4,9.62
5,D3,T37,3,5.0,2.018,4.021,backend,10,2,2,4,1,5,15,53.6,0.5215,0.86,38.99,3,0.0
5,D28,T96,3,3.147,1.255,4.194,frontend,5,3,4,0,0,6,36,0.0,0.7091,1.37,23.74,0,0.0
5,D26,T94,1,3.069,1.073,4.123,backend,5,8,2,3,0,2,8,61.96,0.5916,4.27,6.81,3,34.84
5,D14,T91,1,1.225,5.0,5.0,db,3,1,0,2,2,6,18,40.59,0.4532,0.36,9.15,1,39.2
5,D16,T85,1,3.047,5.0,2.032,frontend,9,1,4,1,2,1,6,66.64,0.6847,0.63,23.68,3,16.58
5,D5,T38,1,3.169,3.205,2.318,frontend,2,5,1,0,0,4,32,0.0,0.5099,1.7,9.03,2,0.0
5,D7,T3,3,5.0,1.221,2.16,db,1,1,0,2,4,3,21,0.0,0.5902,0.45,2.89,0,42.55
5,D25,T58,3,2.019,4.051,1.05,frontend,4,5,3,0,1,5,30,0.0,0.6782,2.31,14.68,4,0.0
5,D2,T53,2,3.186,3.145,3.162,backend,10,4,2,5,1,4,12,28.33,0.6532,2.23,49.86,8,0.0
5,D13,T25,1,2.129,5.0,2.13,frontend,4,6,4,0,1,6,36,0.0,0.4916,1.89,25.92,4,0.0
5,D19,T57,1,3.107,5.0,3.148,frontend,9,4,1,0,0,6,24,8.87,0.4027,1.18,68.33,8,0.0
5,D4,T73,1,1.081,4.141,2.177,frontend,3,8,2,0,1,1,7,69.75,0.6474,4.73,15.18,0,21.78
5,D22,T73,3,5.0,3.037,5.0,frontend,3,8,2,0,1,2,10,49.12,0.3681,2.58,9.2,1,6.82
5,D2,T77,2,3.186,3.145,3.162,frontend,1,2,3,0,2,1,8,69.61,0.7856,1.42,4.03,0,64.34
5,D15,T76,1,4.044,3.176,3.149,backend,9,2,2,3,2,5,40,0.0,0.8422,1.04,52.76,7,0.0
5,D1,T64,3,4.099,5.0,3.042,backend,3,1,0,3,0,5,25,21.56,0.4638,0.34,12.72,2,0.0
5,D19,T77,1,3.107,5.0,3.148,frontend,1,2,3,0,2,6,18,31.09,0.7027,1.11,4.5,0,48.2
5,D10,T6,1,4.081,2.072,4.128,db,7,4,0,1,1,5,30,0.0,0.4486,1.22,22.85,4,0.0
5,D11,T98,2,4.273,5.0,2.268,backend,1,7,0,1,2,3,12,53.68,0.2983,1.78,5.05,0,25.14
5,D28,T12,3,3.147,1.255,4.194,db,3,6,1,1,5,6,36,0.0,0.8261,3.18,11.18,0,12.81
5,D4,T98,1,1.081,4.141,2.177,backend,1,7,0,1,2,2,10,45.98,0.5637,3.46,3.56,1,25.31
5,D27,T95,2,3.113,1.052,5.0,backend,8,3,1,3,0,4,16,21.76,0.5106,1.24,33.16,8,0.0
5,D18,T87,2,5.0,3.171,4.13,backend,2,4,1,1,1,4,28,9.52,0.4456,1.24,7.89,0,3.6
5,D11,T45,2,4.273,5.0,2.268,frontend,7,5,2,0,2,5,15,49.02,0.4692,1.93,49.64,6,0.0
5,D17,T63,3,1.074,4.061,2.04,db,5,6,0,0,2,3,9,47.81,0.7599,4.05,17.03,3,19.24
5,D20,T94,3,3.023,1.055,2.038,backend,5,8,2,3,0,6,36,0.0,0.6543,3.36,17.0,0,0.0
5,D23,T24,3,3.048,4.093,2.076,frontend,1,8,5,2,1,5,40,0.0,0.6288,3.11,3.03,0,1.11
5,D13,T33,1,2.129,5.0,2.13,backend,10,3,0,5,2,5,30,0.0,0.8896,1.82,51.8,6,0.0
5,D2,T57,2,3.186,3.145,3.162,frontend,9,4,1,0,0,4,20,0.0,0.4856,1.49,76.1,4,0.0
5,D21,T19,3,1.171,4.181,5.0,frontend,9,3,2,2,1,2,12,28.54,0.6715,1.72,49.4,2,0.0
5,D26,T13,1,3.069,1.073,4.123,db,6,8,1,0,4,6,30,0.0,0.8695,4.75,36.46,4,0.0
5,D25,T56,3,2.019,4.051,1.05,backend,8,4,1,2,1,5,25,0.0,0.7014,2.03,23.13,1,0.0
5,D30,T28,3,1.026,2.021,2.03,backend,1,7,0,5,0,3,12,55.86,0.5303,3.17,5.22,0,54.4
5,D11,T54,2,4.273,5.0,2.268,frontend,5,4,2,2,0,3,9,54.32,0.5092,1.81,22.27,1,0.0
5,D12,T42,2,4.208,4.22,1.215,frontend,6,5,4,0,0,4,24,0.0,0.7276,2.66,35.37,3,0.0
5,D25,T18,3,2.019,4.051,1.05,db,6,7,1,1,1,3,18,5.95,0.8109,4.48,15.72,1,10.89
5,D23,T51,3,3.048,4.093,2.076,backend,10,4,0,1,2,3,24,5.58,0.4742,1.39,53.76,8,0.0
5,D23,T29,3,3.048,4.093,2.076,frontend,7,8,3,1,2,3,18,30.8,0.8373,5.29,18.81,2,20.46
5,D19,T77,1,3.107,5.0,3.148,frontend,1,2,3,0,2,4,16,16.51,0.7027,1.14,7.4,2,10.5
5,D19,T63,1,3.107,5.0,3.148,db,5,6,0,0,2,6,42,0.0,0.519,1.9,19.44,2,0.0
5,D24,T84,1,4.084,4.121,4.203,frontend,6,4,3,0,1,6,42,0.0,0.5678,1.38,36.44,6,0.0
5,D17,T47,3,1.074,4.061,2.04,backend,9,2,0,5,1,3,15,17.44,0.8024,1.32,8.81,6,0.0
5,D24,T64,1,4.084,4.121,4.203,backend,3,1,0,3,0,5,20,37.6,0.5352,0.41,12.91,3,10.77
5,D21,T14,3,1.171,4.181,5.0,db,1,5,2,0,1,2,16,20.38,0.2861,1.16,3.63,1,41.1
5,D6,T44,3,3.019,4.038,4.031,frontend,3,4,4,0,2,2,14,49.22,0.6195,2.06,18.42,1,25.45
5,D30,T30,3,1.026,2.021,2.03,frontend,6,1,1,1,1,3,15,34.59,0.9149,0.75,13.3,3,34.14
5,D19,T4,1,3.107,5.0,3.148,db,4,3,2,0,1,1,3,90.18,0.459,1.33,25.32,2,7.87
5,D10,T77,1,4.081,2.072,4.128,frontend,1,2,3,0,2,5,30,0.0,0.7028,0.96,3.34,1,26.94
5,D21,T22,3,1.171,4.181,5.0,db,2,2,2,0,2,2,16,24.76,0.4061,0.66,7.46,1,20.05
5,D24,T73,1,4.084,4.121,4.203,frontend,3,8,2,0,1,1,5,73.54,0.4478,3.36,12.14,5,6.01
5,D8,T52,2,2.165,1.093,2.116,frontend,9,7,1,1,0,4,32,0.0,0.7921,3.7,14.68,4,0.0
5,D28,T61,3,3.147,1.255,4.194,db,5,2,2,0,5,3,21,0.0,0.8061,1.22,24.87,6,0.0
5,D26,T64,1,3.069,1.073,4.123,backend,3,1,0,3,0,5,40,0.0,0.4916,0.3,5.86,0,7.46
5,D23,T65,3,3.048,4.093,2.076,frontend,4,6,2,2,2,5,20,28.58,0.7673,3.54,26.18,4,0.0
5,D19,T13,1,3.107,5.0,3.148,db,6,8,1,0,4,3,18,39.36,0.5846,3.69,59.1,4,0.0
5,D27,T40,2,3.113,1.052,5.0,backend,1,7,0,4,0,6,48,0.0,0.3406,1.39,7.51,1,0.0
5,D1,T32,3,4.099,5.0,3.042,backend,5,7,1,4,2,6,36,0.0,0.6938,3.12,36.68,2,0.0
5,D12,T77,2,4.208,4.22,1.215,frontend,1,2,3,0,2,3,15,14.18,0.6205,1.02,7.24,0,24.88
5,D15,T8,1,4.044,3.176,3.149,db,4,8,2,0,4,3,9,54.2,0.6778,4.82,19.21,4,0.0
5,D10,T14,1,4.081,2.072,4.128,db,1,5,2,0,1,1,6,72.52,0.4586,2.12,4.02,1,44.51
5,D8,T85,2,2.165,1.093,2.116,frontend,9,1,4,1,2,6,30,0.0,0.7717,0.53,13.14,4,0.0
5,D21,T8,3,1.171,4.181,5.0,db,4,8,2,0,4,5,25,0.0,0.6461,3.74,24.12,3,0.0
5,D19,T79,1,3.107,5.0,3.148,backend,8,3,1,3,2,3,18,0.0,0.6202,1.47,44.47,1,0.0
5,D13,T98,1,2.129,5.0,2.13,backend,1,7,0,1,2,6,24,17.7,0.4096,2.1,4.43,0,16.42
5,D2,T73,2,3.186,3.145,3.162,frontend,3,8,2,0,1,1,6,80.49,0.6356,4.71,19.12,1,17.32
5,D15,T15,1,4.044,3.176,3.149,backend,5,6,0,1,1,1,6,74.65,0.4722,2.62,8.58,0,44.22
5,D5,T36,1,3.169,3.205,2.318,frontend,2,5,1,1,0,2,10,67.51,0.5599,2.46,6.38,1,43.43
5,D11,T68,2,4.273,5.0,2.268,backend,2,3,1,2,1,2,6,71.5,0.4383,1.22,5.4,1,25.21
5,D15,T26,1,4.044,3.176,3.149,backend,3,1,1,2,0,2,12,49.99,0.6122,0.52,8.93,2,41.01
5,D8,T28,2,2.165,1.093,2.116,backend,1,7,0,5,0,4,24,0.0,0.3594,1.84,2.52,0,0.0
5,D21,T2,3,1.171,4.181,5.0,db,8,3,0,1,3,5,25,1.34,0.5658,1.23,56.64,4,0.0
5,D16,T4,1,3.047,5.0,2.032,db,4,3,2,0,1,1,6,76.22,0.5948,1.65,19.35,3,16.64
5,D4,T5,1,1.081,4.141,2.177,db,2,8,0,1,2,2,10,69.34,0.7893,5.54,6.52,1,46.41
5,D9,T27,3,4.043,4.08,5.0,backend,5,6,0,1,1,1,7,58.98,0.3082,1.69,22.55,1,10.52
5,D21,T7,3,1.171,4.181,5.0,backend,5,5,0,3,2,3,9,72.15,0.7097,3.16,13.58,1,31.36
5,D22,T49,3,5.0,3.037,5.0,frontend,4,4,5,1,2,3,24,7.0,0.8081,2.36,9.41,0,35.87
5,D7,T74,3,5.0,1.221,2.16,db,3,5,0,1,5,5,20,0.0,0.4982,1.92,12.0,0,0.0
5,D3,T61,3,5.0,2.018,4.021,db,5,2,2,0,5,6,36,0.0,0.6916,0.89,32.59,4,0.0
5,D5,T4,1,3.169,3.205,2.318,db,4,3,2,0,1,3,24,18.86,0.6465,1.42,11.54,3,2.12
5,D7,T2,3,5.0,1.221,2.16,db,8,3,0,1,3,4,28,0.0,0.7382,1.55,29.27,3,0.0
5,D5,T5,1,3.169,3.205,2.318,db,2,8,0,1,2,1,8,57.54,0.7565,5.45,3.03,2,59.14
5,D12,T38,2,4.208,4.22,1.215,frontend,2,5,1,0,0,6,42,0.0,0.3676,1.12,16.92,2,0.0
5,D28,T17,3,3.147,1.255,4.194,db,2,1,2,1,2,5,25,9.84,0.6896,0.5,7.31,0,21.69
5,D15,T27,1,4.044,3.176,3.149,backend,5,6,0,1,1,3,9,69.43,0.4722,2.52,27.83,5,0.0
5,D17,T53,3,1.074,4.061,2.04,backend,10,4,2,5,1,2,14,16.29,0.8098,2.69,25.14,6,0.0
5,D18,T15,2,5.0,3.171,4.13,backend,5,6,0,1,1,6,48,0.0,0.3956,1.38,18.54,3,0.0
5,D5,T44,1,3.169,3.205,2.318,frontend,3,4,4,0,2,4,20,0.0,0.7305,2.25,6.97,1,1.72
5,D22,T87,3,5.0,3.037,5.0,backend,2,4,1,1,1,5,40,0.0,0.4356,1.08,11.5,0,0.0
5,D1,T46,3,4.099,5.0,3.042,db,2,7,0,0,5,6,30,0.0,0.3921,1.87,9.69,2,0.0
5,D8,T100,2,2.165,1.093,2.116,db,3,8,2,0,1,2,16,38.81,0.8065,5.23,9.6,0,52.64
5,D1,T58,3,4.099,5.0,3.042,frontend,4,5,3,0,1,6,30,0.0,0.5569,1.9,26.54,1,0.0
5,D4,T91,1,1.081,4.141,2.177,db,3,1,0,2,2,1,3,83.41,0.8393,0.81,6.17,0,75.04
5,D22,T19,3,5.0,3.037,5.0,frontend,9,3,2,2,1,6,24,17.83,0.4681,1.03,49.12,4,0.0
5,D29,T90,2,2.252,3.184,1.183,frontend,10,6,3,2,0,5,25,0.0,0.8155,3.54,24.37,6,0.0
5,D9,T34,3,4.043,4.08,5.0,backend,1,4,1,3,0,6,18,23.38,0.5682,1.79,4.33,1,24.51
5,D27,T89,2,3.113,1.052,5.0,frontend,6,2,1,0,2,4,20,21.87,0.6038,0.93,19.13,1,19.05
5,D28,T93,3,3.147,1.255,4.194,db,8,6,0,0,4,2,8,68.2,0.8196,4.43,20.43,2,18.88
5,D9,T74,3,4.043,4.08,5.0,db,3,5,0,1,5,1,3,87.74,0.7247,3.49,10.6,1,48.49
5,D17,T36,3,1.074,4.061,2.04,frontend,2,5,1,1,0,4,12,62.41,0.7769,3.32,5.69,2,51.45
5,D15,T79,1,4.044,3.176,3.149,backend,8,3,1,3,2,5,35,0.0,0.7922,1.54,61.11,9,0.0
5,D3,T81,3,5.0,2.018,4.021,backend,7,1,1,4,0,3,18,33.25,0.4415,0.35,33.37,4,0.0
5,D9,T70,3,4.043,4.08,5.0,db,10,3,1,0,2,3,15,32.58,0.3447,0.85,60.14,10,0.0
5,D17,T43,3,1.074,4.061,2.04,db,9,7,2,1,5,6,24,5.38,0.464,2.38,32.5,11,0.0
5,D5,T69,1,3.169,3.205,2.318,backend,3,7,0,4,1,4,32,0.0,0.7066,3.3,10.0,0,0.0
5,D6,T37,3,3.019,4.038,4.031,backend,10,2,2,4,1,1,6,68.45,0.8536,1.58,25.85,2,30.59
5,D18,T37,2,5.0,3.171,4.13,backend,10,2,2,4,1,6,30,0.0,0.6566,0.9,25.31,5,0.0
5,D14,T4,1,1.225,5.0,5.0,db,4,3,2,0,1,5,40,0.0,0.2467,0.46,19.38,3,0.0
5,D21,T98,3,1.171,4.181,5.0,backend,1,7,0,1,2,5,40,0.0,0.4697,2.04,3.43,3,0.0
5,D22,T61,3,5.0,3.037,5.0,db,5,2,2,0,5,1,5,78.3,0.7582,1.42,18.44,1,31.84
5,D27,T94,2,3.113,1.052,5.0,backend,5,8,2,3,0,4,28,0.0,0.5606,3.13,16.79,6,0.0
5,D22,T64,3,5.0,3.037,5.0,backend,3,1,0,3,0,2,16,42.78,0.5956,0.48,8.99,2,19.15
5,D9,T57,3,4.043,4.08,5.0,frontend,9,4,1,0,0,5,15,21.58,0.2808,0.92,35.91,8,0.0
5,D26,T41,1,3.069,1.073,4.123,db,7,1,0,1,4,4,28,15.42,0.8895,0.62,31.88,1,13.05
5,D16,T20,1,3.047,5.0,2.032,db,2,1,2,0,4,4,24,7.27,0.4824,0.35,12.8,0,2.24
5,D3,T30,3,5.0,2.018,4.021,frontend,6,1,1,1,1,5,20,21.58,0.3785,0.29,34.97,1,0.0
5,D23,T1,3,3.048,4.093,2.076,frontend,1,3,2,1,2,4,20,6.81,0.7173,1.65,6.74,1,23.96
5,D13,T58,1,2.129,5.0,2.13,frontend,4,5,3,0,1,3,15,17.51,0.6116,2.51,11.89,5,0.0
5,D16,T75,1,3.047,5.0,2.032,backend,1,5,1,1,1,4,20,11.85,0.3867,1.49,1.2,0,22.06
5,D9,T31,3,4.043,4.08,5.0,backend,4,5,0,4,0,1,7,77.72,0.6382,2.91,12.33,1,54.39
5,D13,T9,1,2.129,5.0,2.13,backend,8,4,0,3,0,4,32,0.0,0.5897,1.58,57.07,7,0.0
5,D5,T85,1,3.169,3.205,2.318,frontend,9,1,4,1,2,5,35,0.0,0.7805,0.51,16.14,4,0.0
5,D24,T21,1,4.084,4.121,4.203,frontend,4,1,4,2,2,4,24,7.07,0.8178,0.6,13.95,0,39.93
5,D12,T66,2,4.208,4.22,1.215,backend,10,2,1,4,0,2,6,77.02,0.7768,1.44,47.54,4,0.0
5,D13,T83,1,2.129,5.0,2.13,db,6,2,2,1,1,1,4,81.41,0.6605,1.26,24.6,2,18.65
5,D8,T95,2,2.165,1.093,2.116,backend,8,3,1,3,0,1,8,68.58,0.6494,1.76,33.38,6,0.0
5,D6,T77,3,3.019,4.038,4.031,frontend,1,2,3,0,2,2,8,52.5,0.7349,1.32,4.0,2,52.26
5,D11,T90,2,4.273,5.0,2.268,frontend,10,6,3,2,0,4,28,0.0,0.6292,2.63,35.31,7,0.0
5,D7,T47,3,5.0,1.221,2.16,backend,9,2,0,5,1,4,12,63.8,0.2617,0.45,56.35,10,0.0
5,D28,T72,3,3.147,1.255,4.194,db,3,7,2,2,4,6,48,0.0,0.9051,3.69,12.26,0,7.42
5,D22,T79,3,5.0,3.037,5.0,backend,8,3,1,3,2,6,18,1.33,0.7056,1.67,46.7,3,0.0
5,D25,T20,3,2.019,4.051,1.05,db,2,1,2,0,4,3,21,1.01,0.4429,0.34,10.26,0,6.26
5,D8,T49,2,2.165,1.093,2.116,frontend,4,4,5,1,2,5,30,0.0,0.6517,1.78,8.68,0,25.1
5,D28,T24,3,3.147,1.255,4.194,frontend,1,8,5,2,1,3,12,35.6,0.6446,4.41,3.83,1,63.21
5,D13,T92,1,2.129,5.0,2.13,backend,8,2,0,1,0,3,9,67.44,0.3496,0.62,29.98,2,0.0
5,D4,T78,1,1.081,4.141,2.177,db,8,6,1,1,5,3,15,16.41,0.5018,2.47,35.61,4,0.0
5,D6,T58,3,3.019,4.038,4.031,frontend,4,5,3,0,1,6,36,0.0,0.7049,2.26,17.38,4,0.0
5,D27,T37,2,3.113,1.052,5.0,backend,10,2,2,4,1,2,10,50.43,0.4706,0.83,34.32,6,0.0
5,D11,T31,2,4.273,5.0,2.268,backend,4,5,0,4,0,4,16,15.53,0.5983,2.42,11.4,3,14.53
5,D15,T98,1,4.044,3.176,3.149,backend,1,7,0,1,2,5,20,0.0,0.5022,2.7,2.9,1,2.76
5,D17,T52,3,1.074,4.061,2.04,frontend,9,7,1,1,0,2,10,53.19,0.7769,4.77,27.07,2,20.94
5,D17,T79,3,1.074,4.061,2.04,backend,8,3,1,3,2,2,16,33.68,0.8678,2.11,36.79,3,11.77
5,D18,T50,2,5.0,3.171,4.13,db,10,2,0,0,2,1,4,77.64,0.4359,0.83,27.06,4,0.0
5,D7,T9,3,5.0,1.221,2.16,backend,8,4,0,3,0,5,15,51.06,0.4717,1.55,62.18,3,0.0
5,D11,T18,2,4.273,5.0,2.268,db,6,7,1,1,1,6,18,11.67,0.5496,3.04,28.03,3,0.0
5,D9,T37,3,4.043,4.08,5.0,backend,10,2,2,4,1,6,36,0.0,0.7682,0.99,54.91,4,0.0
5,D2,T19,2,3.186,3.145,3.162,frontend,9,3,2,2,1,4,24,0.0,0.7356,1.61,65.24,5,0.0
5,D6,T40,3,3.019,4.038,4.031,backend,1,7,0,4,0,6,30,0.0,0.7236,3.46,2.94,0,8.5
5,D2,T81,2,3.186,3.145,3.162,backend,7,1,1,4,0,2,6,71.65,0.6932,0.64,20.69,1,14.97
5,D16,T85,1,3.047,5.0,2.032,frontend,9,1,4,1,2,6,24,11.36,0.6847,0.5,19.12,3,0.0
5,D5,T79,1,3.169,3.205,2.318,backend,8,3,1,3,2,3,9,65.87,0.8574,2.29,33.02,2,17.96
5,D11,T58,2,4.273,5.0,2.268,frontend,4,5,3,0,1,1,4,83.22,0.5592,2.66,17.72,1,23.94
5,D11,T46,2,4.273,5.0,2.268,db,2,7,0,0,5,5,25,0.0,0.294,1.49,7.81,1,0.0
5,D21,T55,3,1.171,4.181,5.0,frontend,1,5,1,2,1,3,24,0.0,0.7504,2.74,4.62,1,25.69
5,D23,T69,3,3.048,4.093,2.076,backend,3,7,0,4,1,2,16,45.8,0.8042,4.56,10.99,2,44.34
5,D16,T73,1,3.047,5.0,2.032,frontend,3,8,2,0,1,3,12,55.62,0.5934,4.06,11.68,1,13.4
5,D12,T80,2,4.208,4.22,1.215,frontend,2,2,1,2,0,1,4,76.66,0.4676,0.89,5.24,0,37.18
5,D27,T33,2,3.113,1.052,5.0,backend,10,3,0,5,2,5,35,0.0,0.2806,0.55,116.99,9,0.0
5,D5,T43,1,3.169,3.205,2.318,db,9,7,2,1,5,5,25,0.0,0.5328,2.7,47.71,4,0.0
5,D7,T98,3,5.0,1.221,2.16,backend,1,7,0,1,2,3,9,47.76,0.7187,4.47,5.2,0,32.99
5,D16,T43,1,3.047,5.0,2.032,db,9,7,2,1,5,4,12,36.96,0.4124,2.47,85.78,11,0.0
5,D18,T89,2,5.0,3.171,4.13,frontend,6,2,1,0,2,2,12,30.97,0.2975,0.51,19.55,2,4.38
5,D12,T19,2,4.208,4.22,1.215,frontend,9,3,2,2,1,2,10,57.92,0.6176,1.63,37.25,4,0.0
5,D4,T12,1,1.081,4.141,2.177,db,3,6,1,1,5,2,10,49.07,0.5018,2.64,6.5,1,33.23
5,D7,T24,3,5.0,1.221,2.16,frontend,1,8,5,2,1,4,28,0.0,0.9263,5.17,3.29,0,19.58
5,D23,T77,3,3.048,4.093,2.076,frontend,1,2,3,0,2,4,20,33.13,0.7873,1.21,6.09,0,55.98
5,D26,T54,1,3.069,1.073,4.123,frontend,5,4,2,2,0,5,15,32.48,0.7017,2.3,6.41,3,33.26
5,D16,T55,1,3.047,5.0,2.032,frontend,1,5,1,2,1,6,18,0.0,0.5734,2.26,3.37,2,3.78
5,D6,T35,3,3.019,4.038,4.031,frontend,3,3,1,1,2,6,30,0.0,0.5449,1.12,17.94,4,0.0
5,D4,T21,1,1.081,4.141,2.177,frontend,4,1,4,2,2,6,24,0.0,0.5374,0.39,12.0,2,0.0
5,D27,T83,2,3.113,1.052,5.0,db,6,2,2,1,1,1,8,72.3,0.484,0.87,22.32,3,0.0
5,D22,T53,3,5.0,3.037,5.0,backend,10,4,2,5,1,6,18,45.83,0.4944,1.56,34.49,7,0.0
5,D8,T73,2,2.165,1.093,2.116,frontend,3,8,2,0,1,1,8,74.83,0.8921,6.43,3.88,1,73.84
5,D29,T36,2,2.252,3.184,1.183,frontend,2,5,1,1,0,2,16,41.76,0.7051,2.86,5.54,1,47.41
5,D26,T78,1,3.069,1.073,4.123,db,8,6,1,1,5,3,21,0.0,0.829,3.78,32.76,5,0.0
5,D21,T22,3,1.171,4.181,5.0,db,2,2,2,0,2,2,14,17.72,0.4061,0.68,7.31,0,37.02
5,D3,T58,3,5.0,2.018,4.021,frontend,4,5,3,0,1,4,32,0.0,0.5685,1.9,25.8,4,0.0
5,D21,T30,3,1.171,4.181,5.0,frontend,6,1,1,1,1,4,12,42.92,0.7004,0.6,16.35,0,18.43
5,D21,T22,3,1.171,4.181,5.0,db,2,2,2,0,2,3,9,72.26,0.4061,0.72,10.41,2,27.1
5,D10,T77,1,4.081,2.072,4.128,frontend,1,2,3,0,2,2,14,54.79,0.7028,1.17,3.91,0,56.87
5,D21,T41,3,1.171,4.181,5.0,db,7,1,0,1,4,4,28,10.3,0.6858,0.48,20.21,1,5.39
5,D18,T46,2,5.0,3.171,4.13,db,2,7,0,0,5,3,21,0.0,0.587,3.12,9.44,1,0.0
5,D2,T36,2,3.186,3.145,3.162,frontend,2,5,1,1,0,1,5,71.7,0.5356,2.51,11.92,0,44.88
5,D4,T8,1,1.081,4.141,2.177,db,4,8,2,0,4,4,24,0.0,0.5466,3.2,25.77,0,0.0
5,D20,T59,3,3.023,1.055,2.038,backend,3,8,1,2,2,1,6,70.25,0.7843,5.81,7.07,1,78.39
5,D20,T99,3,3.023,1.055,2.038,db,2,6,2,2,3,1,6,67.11,0.8066,4.48,4.4,0,45.29
5,D13,T48,1,2.129,5.0,2.13,db,8,8,0,2,1,4,16,17.44,0.6505,4.22,46.44,1,0.0
5,D20,T66,3,3.023,1.055,2.038,backend,10,2,1,4,0,1,4,78.36,0.4843,0.92,28.13,3,5.93
5,D14,T87,1,1.225,5.0,5.0,backend,2,4,1,1,1,4,20,0.0,0.3887,1.2,6.94,2,0.0
5,D18,T47,2,5.0,3.171,4.13,backend,9,2,0,5,1,4,24,10.94,0.4366,0.64,34.08,3,0.0
5,D8,T89,2,2.165,1.093,2.116,frontend,6,2,1,0,2,6,36,0.0,0.8021,1.03,13.29,2,0.0
5,D5,T11,1,3.169,3.205,2.318,frontend,4,1,3,0,0,6,42,0.0,0.7499,0.46,26.48,3,0.0
5,D3,T98,3,5.0,2.018,4.021,backend,1,7,0,1,2,3,12,59.88,0.5672,3.39,6.32,0,46.66
5,D24,T91,1,4.084,4.121,4.203,db,3,1,0,2,2,6,18,5.52,0.5071,0.4,10.18,1,6.33
5,D14,T55,1,1.225,5.0,5.0,frontend,1,5,1,2,1,2,6,68.72,0.703,3.25,2.94,0,56.7
5,D1,T60,3,4.099,5.0,3.042,frontend,5,7,2,2,0,2,10,59.24,0.5069,3.11,15.33,2,15.4
5,D23,T47,3,3.048,4.093,2.076,backend,9,2,0,5,1,3,18,43.27,0.7065,1.11,38.91,5,0.0
5,D13,T77,1,2.129,5.0,2.13,frontend,1,2,3,0,2,2,10,53.15,0.6416,1.13,5.44,0,44.18
6,D20,T23,3,3.028,1.058,2.049,db,6,2,1,1,3,2,10,49.82,0.8221,1.44,6.6,5,31.51
6,D8,T99,2,2.208,1.132,2.141,db,2,6,2,2,3,4,20,1.98,0.8473,3.91,4.72,0,27.04
6,D19,T30,1,3.159,5.0,3.188,frontend,6,1,1,1,1,5,40,0.0,0.4753,0.29,23.3,5,0.0
6,D29,T94,2,2.281,3.218,1.212,backend,5,8,2,3,0,4,32,0.0,0.9234,4.93,21.14,1,0.0
6,D15,T83,1,4.096,3.214,3.204,db,6,2,2,1,1,6,36,0.0,0.5619,0.72,39.28,5,0.0
6,D23,T33,3,3.057,4.115,2.1,backend,10,3,0,5,2,3,9,70.63,0.738,1.97,38.69,4,0.0
6,D20,T67,3,3.028,1.058,2.049,backend,5,6,2,5,0,5,40,0.0,0.4141,1.54,26.43,3,0.0
6,D19,T78,1,3.159,5.0,3.188,db,8,6,1,1,5,4,16,32.71,0.5178,2.52,41.21,2,0.0
6,D30,T52,3,1.033,2.028,2.041,frontend,9,7,1,1,0,4,32,0.0,0.8834,4.13,40.85,3,0.0
6,D22,T49,3,5.0,3.041,5.0,frontend,4,4,5,1,2,3,12,34.79,0.8079,2.76,7.1,2,32.94
6,D2,T11,2,3.198,3.204,3.181,frontend,4,1,3,0,0,1,5,74.29,0.7206,0.68,15.24,2,28.75
6,D22,T27,3,5.0,3.041,5.0,backend,5,6,0,1,1,6,48,0.0,0.3851,1.35,27.91,2,0.0
6,D5,T17,1,3.215,3.275,2.395,db,2,1,2,1,2,5,15,18.32,0.8024,0.66,10.22,1,35.13
6,D11,T9,2,4.287,5.0,2.335,backend,8,4,0,3,0,2,6,67.27,0.4756,1.76,47.98,1,0.0
6,D5,T6,1,3.215,3.275,2.395,db,7,4,0,1,1,3,15,37.99,0.6224,2.04,23.13,1,7.28
6,D18,T99,2,5.0,3.211,4.185,db,2,6,2,2,3,3,24,0.0,0.7073,3.1,5.48,1,7.77
6,D8,T58,2,2.208,1.132,2.141,frontend,4,5,3,0,1,6,30,0.0,0.8141,2.78,11.83,1,0.0
6,D19,T30,1,3.159,5.0,3.188,frontend,6,1,1,1,1,1,3,83.39,0.4753,0.46,34.48,2,0.0
6,D8,T94,2,2.208,1.132,2.141,backend,5,8,2,3,0,1,6,74.16,0.7012,5.19,18.17,1,29.57
6,D9,T70,3,4.05,4.091,5.0,db,10,3,1,0,2,6,42,0.0,0.3439,0.63,77.37,8,0.0
6,D20,T40,3,3.028,1.058,2.049,backend,1,7,0,4,0,2,8,61.71,0.4341,2.74,1.0,0,47.27
6,D13,T12,1,2.136,5.0,2.163,db,3,6,1,1,5,6,24,0.0,0.4255,1.87,10.92,2,0.0
6,D29,T96,2,2.281,3.218,1.212,frontend,5,3,4,0,0,4,28,0.0,0.5965,1.25,20.26,4,0.0
6,D24,T22,1,4.134,4.177,4.222,db,2,2,2,0,2,3,12,48.88,0.4605,0.79,2.59,2,30.58
6,D7,T94,3,5.0,1.263,2.211,backend,5,8,2,3,0,5,30,0.0,0.5752,3.14,29.48,8,0.0
6,D11,T93,2,4.287,5.0,2.335,db,8,6,0,0,4,6,42,0.0,0.4216,1.54,35.46,0,0.0
6,D19,T42,1,3.159,5.0,3.188,frontend,6,5,4,0,0,5,25,0.0,0.5534,2.0,43.06,3,0.0
6,D23,T87,3,3.057,4.115,2.1,backend,2,4,1,1,1,2,10,50.33,0.4903,1.72,12.64,1,24.25
6,D12,T97,2,4.249,4.299,1.256,backend,9,2,1,3,0,3,24,0.0,0.644,0.94,59.37,10,0.0
6,D23,T11,3,3.057,4.115,2.1,frontend,4,1,3,0,0,3,18,1.51,0.7244,0.57,13.19,1,3.46
6,D25,T81,3,2.022,4.051,1.062,backend,7,1,1,4,0,5,40,0.0,0.9109,0.56,15.12,2,7.33
6,D6,T100,3,3.026,4.046,4.042,db,3,8,2,0,1,2,8,66.52,0.4019,2.9,11.96,3,17.07
6,D23,T83,3,3.057,4.115,2.1,db,6,2,2,1,1,5,20,0.0,0.6805,1.05,33.22,3,0.0
6,D1,T92,3,4.153,5.0,3.088,backend,8,2,0,1,0,3,15,45.67,0.2197,0.36,34.71,3,0.0
6,D25,T38,3,2.022,4.051,1.062,frontend,2,5,1,0,0,5,25,0.0,0.643,2.32,2.8,1,0.0
6,D21,T17,3,1.252,4.218,5.0,db,2,1,2,1,2,6,36,0.0,0.4567,0.29,15.53,3,0.0
6,D4,T58,1,1.089,4.15,2.205,frontend,4,5,3,0,1,5,20,0.0,0.527,2.03,26.36,2,0.0
6,D25,T95,3,2.022,4.051,1.062,backend,8,3,1,3,0,5,30,0.0,0.7909,1.62,53.05,7,0.0
6,D25,T34,3,2.022,4.051,1.062,backend,1,4,1,3,0,5,15,13.36,0.7909,2.6,1.0,0,44.74
6,D15,T98,1,4.096,3.214,3.204,backend,1,7,0,1,2,1,8,67.16,0.4934,3.11,5.84,0,37.29
6,D29,T29,2,2.281,3.218,1.212,frontend,7,8,3,1,2,4,12,31.96,0.7792,5.33,20.37,0,28.16
6,D29,T64,2,2.281,3.218,1.212,backend,3,1,0,3,0,5,40,0.0,0.8234,0.51,7.93,1,0.0
6,D4,T62,1,1.089,4.15,2.205,frontend,2,1,4,0,0,2,16,42.3,0.377,0.31,9.87,2,7.61
6,D20,T44,3,3.028,1.058,2.049,frontend,3,4,4,0,2,2,8,73.75,0.829,2.99,12.81,0,54.7
6,D1,T33,3,4.153,5.0,3.088,backend,10,3,0,5,2,5,35,0.0,0.7597,1.48,72.39,6,0.0
6,D10,T64,1,4.108,2.127,4.131,backend,3,1,0,3,0,1,6,74.27,0.5659,0.52,1.79,0,49.73
6,D18,T74,2,5.0,3.211,4.185,db,3,5,0,1,5,5,40,0.0,0.6417,1.99,18.11,0,0.0
6,D20,T98,3,3.028,1.058,2.049,backend,1,7,0,1,2,5,15,40.91,0.8402,4.83,2.49,1,70.94
6,D25,T90,3,2.022,4.051,1.062,frontend,10,6,3,2,0,4,12,60.58,0.7482,3.84,31.62,3,0.0
6,D9,T100,3,4.05,4.091,5.0,db,3,8,2,0,1,6,48,0.0,0.2539,1.18,15.7,3,0.0
6,D24,T95,1,4.134,4.177,4.222,backend,8,3,1,3,0,5,15,27.38,0.5754,1.42,16.03,5,0.0
6,D21,T34,3,1.252,4.218,5.0,backend,1,4,1,3,0,6,36,0.0,0.6912,1.77,10.1,0,0.0
6,D2,T84,2,3.198,3.204,3.181,frontend,6,4,3,0,1,1,4,80.46,0.7506,2.85,33.99,2,0.0
6,D9,T54,3,4.05,4.091,5.0,frontend,5,4,2,2,0,1,6,81.05,0.4995,1.85,27.31,1,10.35
6,D16,T29,1,3.049,5.0,2.044,frontend,7,8,3,1,2,5,40,0.0,0.7928,3.93,23.74,0,6.68
6,D9,T7,3,4.05,4.091,5.0,backend,5,5,0,3,2,1,6,80.36,0.5766,2.67,27.79,5,0.0
6,D30,T20,3,1.033,2.028,2.041,db,2,1,2,0,4,1,5,73.94,0.6345,0.6,9.16,1,40.4
6,D8,T65,2,2.208,1.132,2.141,frontend,4,6,2,2,2,4,32,0.0,0.9274,3.72,29.62,2,0.0
6,D2,T23,2,3.198,3.204,3.181,db,6,2,1,1,3,1,3,86.15,0.8021,1.54,22.05,4,2.02
6,D1,T75,3,4.153,5.0,3.088,backend,1,5,1,1,1,2,12,49.93,0.2997,1.28,2.81,0,30.05
6,D19,T47,1,3.159,5.0,3.188,backend,9,2,0,5,1,1,3,90.34,0.7764,1.49,36.74,1,13.82
6,D28,T54,3,3.162,1.326,4.209,frontend,5,4,2,2,0,4,16,24.26,0.7006,2.27,30.49,2,6.07
6,D19,T3,1,3.159,5.0,3.188,db,1,1,0,2,4,1,4,84.55,0.6578,0.63,3.94,0,65.0
6,D27,T16,2,3.131,1.073,5.0,frontend,3,4,5,2,0,6,30,9.76,0.5794,1.58,17.1,3,0.0
6,D22,T60,3,5.0,3.041,5.0,frontend,5,7,2,2,0,2,6,65.72,0.438,2.84,14.39,2,20.76
6,D2,T32,2,3.198,3.204,3.181,backend,5,7,1,4,2,3,12,61.99,0.7591,4.54,14.19,0,61.18
6,D11,T44,2,4.287,5.0,2.335,frontend,3,4,4,0,2,6,48,0.0,0.7055,1.65,10.88,3,0.0
6,D24,T9,1,4.134,4.177,4.222,backend,8,4,0,3,0,2,8,56.8,0.5254,1.89,13.96,6,0.0
6,D12,T76,2,4.249,4.299,1.256,backend,9,2,2,3,2,2,10,69.8,0.7093,1.24,39.69,6,0.0
6,D11,T64,2,4.287,5.0,2.335,backend,3,1,0,3,0,2,10,66.38,0.4756,0.42,16.23,0,0.0
6,D20,T98,3,3.028,1.058,2.049,backend,1,7,0,1,2,1,3,90.14,0.8402,5.66,2.06,0,74.47
6,D24,T91,1,4.134,4.177,4.222,db,3,1,0,2,2,4,12,35.18,0.5005,0.43,9.65,1,14.67
6,D11,T1,2,4.287,5.0,2.335,frontend,1,3,2,1,2,6,42,0.0,0.5155,0.94,6.98,0,10.88
6,D12,T45,2,4.249,4.299,1.256,frontend,7,5,2,0,2,1,3,83.61,0.4929,2.37,51.27,4,0.0
6,D25,T75,3,2.022,4.051,1.062,backend,1,5,1,1,1,1,6,70.46,0.5809,2.69,4.57,0,48.75
6,D5,T46,1,3.215,3.275,2.395,db,2,7,0,0,5,2,8,73.28,0.4272,2.7,3.0,2,40.83
6,D2,T67,2,3.198,3.204,3.181,backend,5,6,2,5,0,4,20,25.5,0.6291,2.9,31.27,4,0.0
6,D13,T2,1,2.136,5.0,2.163,db,8,3,0,1,3,5,15,38.53,0.6355,1.56,39.51,1,0.55
6,D10,T40,1,4.108,2.127,4.131,backend,1,7,0,4,0,6,42,0.0,0.4459,1.9,5.96,0,12.3
6,D3,T72,3,5.0,2.019,4.023,db,3,7,2,2,4,5,35,0.0,0.9063,4.11,10.28,1,31.79
6,D11,T27,2,4.287,5.0,2.335,backend,5,6,0,1,1,6,30,7.77,0.2656,1.09,34.0,3,0.0
6,D7,T11,3,5.0,1.263,2.211,frontend,4,1,3,0,0,6,42,0.0,0.6305,0.38,19.52,4,0.0
6,D13,T34,1,2.136,5.0,2.163,backend,1,4,1,3,0,6,36,0.0,0.6383,1.64,5.49,1,15.48
6,D23,T70,3,3.057,4.115,2.1,db,10,3,1,0,2,5,35,0.0,0.7205,1.4,61.12,8,0.0
6,D1,T2,3,4.153,5.0,3.088,db,8,3,0,1,3,1,6,77.28,0.6649,1.85,18.35,3,21.12
6,D17,T95,3,1.087,4.071,2.072,backend,8,3,1,3,0,5,35,0.0,0.805,1.57,11.92,9,0.0
6,D14,T24,1,1.267,5.0,5.0,frontend,1,8,5,2,1,4,12,34.78,0.282,1.93,2.34,2,29.26
6,D3,T65,3,5.0,2.019,4.023,frontend,4,6,2,2,2,1,8,52.09,0.5784,3.13,25.54,0,14.6
6,D11,T97,2,4.287,5.0,2.335,backend,9,2,1,3,0,4,32,0.0,0.5256,0.7,48.28,9,0.0
6,D14,T94,1,1.267,5.0,5.0,backend,5,8,2,3,0,4,12,48.55,0.5734,3.92,20.83,1,20.01
6,D12,T16,2,4.249,4.299,1.256,frontend,3,4,5,2,0,6,30,3.85,0.7572,2.07,21.35,0,5.47
6,D12,T86,2,4.249,4.299,1.256,backend,8,7,2,5,2,1,6,74.31,0.7811,5.06,31.95,3,8.44
6,D13,T7,1,2.136,5.0,2.163,backend,5,5,0,3,2,2,6,79.19,0.6483,3.0,21.37,0,25.44
6,D16,T21,1,3.049,5.0,2.044,frontend,4,1,4,2,2,1,7,61.47,0.7346,0.67,9.75,2,28.52
6,D7,T94,3,5.0,1.263,2.211,backend,5,8,2,3,0,4,24,1.95,0.5752,3.37,39.49,1,0.0
6,D30,T17,3,1.033,2.028,2.041,db,2,1,2,1,2,2,10,42.1,0.9147,0.8,8.24,0,65.34
6,D5,T75,1,3.215,3.275,2.395,backend,1,5,1,1,1,5,35,0.0,0.5744,1.86,2.7,1,2.21
6,D17,T97,3,1.087,4.071,2.072,backend,9,2,1,3,0,2,12,43.79,0.805,1.38,19.9,2,7.85
6,D2,T31,2,3.198,3.204,3.181,backend,4,5,0,4,0,3,24,0.0,0.6491,2.37,7.49,0,11.69
6,D16,T73,1,3.049,5.0,2.044,frontend,3,8,2,0,1,3,15,29.39,0.5928,3.89,11.31,3,17.36
6,D12,T46,2,4.249,4.299,1.256,db,2,7,0,0,5,3,18,3.33,0.2083,1.15,14.23,0,0.0
6,D16,T50,1,3.049,5.0,2.044,db,10,2,0,0,2,4,28,0.0,0.6532,0.91,45.03,5,0.0
6,D9,T31,3,4.05,4.091,5.0,backend,4,5,0,4,0,2,10,69.28,0.6366,2.79,6.7,2,35.02
6,D17,T100,3,1.087,4.071,2.072,db,3,8,2,0,1,5,20,0.0,0.6404,3.94,11.78,1,0.0
6,D23,T40,3,3.057,4.115,2.1,backend,1,7,0,4,0,6,42,0.0,0.7703,3.28,7.03,0,17.97
6,D13,T87,1,2.136,5.0,2.163,backend,2,4,1,1,1,4,28,0.0,0.4283,1.2,6.8,2,0.0
6,D30,T7,3,1.033,2.028,2.041,backend,5,5,0,3,2,1,3,85.01,0.8305,4.0,17.86,0,26.08
6,D17,T79,3,1.087,4.071,2.072,backend,8,3,1,3,2,3,9,49.4,0.865,2.31,14.01,7,16.61
6,D9,T11,3,4.05,4.091,5.0,frontend,4,1,3,0,0,1,7,65.75,0.5194,0.47,15.45,4,10.1
6,D3,T94,3,5.0,2.019,4.023,backend,5,8,2,3,0,3,12,45.96,0.6116,4.18,22.78,1,15.08
6,D27,T18,2,3.131,1.073,5.0,db,6,7,1,1,1,6,30,0.0,0.4524,2.16,27.85,5,0.0
6,D18,T39,2,5.0,3.211,4.185,frontend,4,2,3,0,2,3,15,26.59,0.5339,0.88,15.12,3,11.02
6,D11,T4,2,4.287,5.0,2.335,db,4,3,2,0,1,3,15,13.27,0.5212,1.28,15.14,1,9.18
6,D11,T67,2,4.287,5.0,2.335,backend,5,6,2,5,0,2,14,33.96,0.8156,4.07,34.53,3,0.0
6,D1,T20,3,4.153,5.0,3.088,db,2,1,2,0,4,5,40,0.0,0.576,0.36,11.57,1,0.0
6,D11,T22,2,4.287,5.0,2.335,db,2,2,2,0,2,3,18,20.19,0.6412,1.01,6.76,1,45.66
6,D10,T52,1,4.108,2.127,4.131,frontend,9,7,1,1,0,5,35,0.0,0.4468,2.03,29.02,10,0.0
6,D26,T36,1,3.104,1.098,4.147,frontend,2,5,1,1,0,6,36,0.0,0.6182,1.98,7.16,0,13.15
6,D25,T29,3,2.022,4.051,1.062,frontend,7,8,3,1,2,5,20,0.0,0.7019,4.32,32.65,1,0.0
6,D26,T21,1,3.104,1.098,4.147,frontend,4,1,4,2,2,6,48,0.0,0.783,0.46,21.75,0,7.0
6,D2,T78,2,3.198,3.204,3.181,db,8,6,1,1,5,2,12,61.85,0.6056,3.1,55.2,1,0.0
6,D29,T82,2,2.281,3.218,1.212,frontend,4,1,5,1,2,2,14,56.5,0.5392,0.45,25.1,5,0.0
6,D26,T23,1,3.104,1.098,4.147,db,6,2,1,1,3,3,18,37.79,0.7943,1.25,12.22,1,34.54
6,D24,T45,1,4.134,4.177,4.222,frontend,7,5,2,0,2,5,25,2.07,0.4684,1.69,61.53,2,0.0
6,D8,T81,2,2.208,1.132,2.141,backend,7,1,1,4,0,2,12,63.45,0.5312,0.45,17.1,3,7.48
6,D20,T81,3,3.028,1.058,2.049,backend,7,1,1,4,0,1,3,86.38,0.4841,0.47,22.22,6,0.0
6,D2,T99,2,3.198,3.204,3.181,db,2,6,2,2,3,5,25,0.0,0.8821,3.82,6.94,0,33.09
6,D19,T15,1,3.159,5.0,3.188,backend,5,6,0,1,1,2,8,52.17,0.2964,1.6,22.24,2,0.0
6,D23,T98,3,3.057,4.115,2.1,backend,1,7,0,1,2,3,12,37.43,0.4704,2.81,5.02,1,12.97
6,D19,T94,1,3.159,5.0,3.188,backend,5,8,2,3,0,5,30,0.0,0.6064,3.31,28.56,2,0.0
6,D11,T12,2,4.287,5.0,2.335,db,3,6,1,1,5,6,18,2.88,0.3816,1.81,9.96,1,0.2
6,D27,T49,2,3.131,1.073,5.0,frontend,4,4,5,1,2,2,6,64.62,0.6821,2.53,21.85,1,21.32
6,D19,T37,1,3.159,5.0,3.188,backend,10,2,2,4,1,6,18,39.04,0.7564,1.19,55.25,2,0.0
6,D27,T30,2,3.131,1.073,5.0,frontend,6,1,1,1,1,2,12,28.05,0.6206,0.53,13.29,3,20.13
6,D2,T53,2,3.198,3.204,3.181,backend,10,4,2,5,1,1,5,84.12,0.6592,2.47,73.05,4,0.0
6,D6,T40,3,3.026,4.046,4.042,backend,1,7,0,4,0,3,24,7.37,0.7219,3.7,4.64,1,15.93
6,D22,T53,3,5.0,3.041,5.0,backend,10,4,2,5,1,3,18,17.59,0.4949,1.56,34.36,8,0.0
6,D3,T50,3,5.0,2.019,4.023,db,10,2,0,0,2,3,12,57.83,0.5063,0.87,33.45,2,0.0
6,D13,T51,1,2.136,5.0,2.163,backend,10,4,0,1,2,5,20,0.0,0.4083,1.26,30.3,5,0.0
6,D23,T22,3,3.057,4.115,2.1,db,2,2,2,0,2,1,5,72.41,0.7505,1.41,6.06,0,58.02
6,D24,T100,1,4.134,4.177,4.222,db,3,8,2,0,1,2,6,81.32,0.3405,2.52,10.4,3,19.15
6,D21,T6,3,1.252,4.218,5.0,db,7,4,0,1,1,5,25,0.0,0.3215,0.93,23.74,3,0.0
6,D13,T6,1,2.136,5.0,2.163,db,7,4,0,1,1,4,32,0.0,0.5964,1.59,47.12,2,0.0
6,D9,T10,3,4.05,4.091,5.0,frontend,2,8,3,0,0,1,3,90.14,0.5194,4.0,7.48,1,36.39
6,D2,T83,2,3.198,3.204,3.181,db,6,2,2,1,1,6,48,0.0,0.5921,0.69,39.59,1,0.0
6,D3,T48,3,5.0,2.019,4.023,db,8,8,0,2,1,1,7,68.89,0.4863,3.55,61.44,5,0.0
6,D18,T72,2,5.0,3.211,4.185,db,3,7,2,2,4,5,40,0.0,0.8273,3.59,13.16,1,0.0
6,D25,T27,3,2.022,4.051,1.062,backend,5,6,0,1,1,6,36,0.0,0.5309,2.04,13.33,0,0.0
6,D30,T85,3,1.033,2.028,2.041,frontend,9,1,4,1,2,1,7,65.1,0.5913,0.54,28.49,0,34.06
6,D20,T37,3,3.028,1.058,2.049,backend,10,2,2,4,1,3,18,8.64,0.5641,0.89,22.67,9,0.0
6,D17,T48,3,1.087,4.071,2.072,db,8,8,0,2,1,6,18,22.06,0.7352,4.64,30.89,5,0.0
6,D13,T9,1,2.136,5.0,2.163,backend,8,4,0,3,0,5,20,0.0,0.5883,1.81,52.78,5,0.0
6,D1,T100,3,4.153,5.0,3.088,db,3,8,2,0,1,4,28,10.53,0.4349,2.43,14.77,5,0.0
6,D12,T29,2,4.249,4.299,1.256,frontend,7,8,3,1,2,5,15,52.98,0.6629,4.35,34.67,3,0.0
6,D3,T79,3,5.0,2.019,4.023,backend,8,3,1,3,2,3,15,48.92,0.6216,1.53,40.41,4,0.0
6,D5,T44,1,3.215,3.275,2.395,frontend,3,4,4,0,2,6,30,8.58,0.7302,1.99,14.45,0,20.8
6,D1,T97,3,4.153,5.0,3.088,backend,9,2,1,3,0,3,15,13.11,0.5097,0.84,59.27,2,0.0
6,D24,T29,1,4.134,4.177,4.222,frontend,7,8,3,1,2,4,20,0.0,0.6384,3.93,28.15,2,0.0
6,D22,T82,3,5.0,3.041,5.0,frontend,4,1,5,1,2,5,40,0.0,0.8079,0.5,21.56,1,0.0
6,D14,T65,1,1.267,5.0,5.0,frontend,4,6,2,2,2,4,32,0.0,0.672,2.69,8.1,3,4.75
6,D17,T82,3,1.087,4.071,2.072,frontend,4,1,5,1,2,6,30,0.0,0.3747,0.26,17.46,5,0.0
6,D16,T62,1,3.049,5.0,2.044,frontend,2,1,4,0,0,4,24,19.29,0.5746,0.42,2.42,1,40.42
6,D15,T69,1,4.096,3.214,3.204,backend,3,7,0,4,1,3,24,0.0,0.6348,3.25,17.85,2,0.0
6,D30,T39,3,1.033,2.028,2.041,frontend,4,2,3,0,2,6,48,0.0,0.6613,0.77,19.9,0,0.0
6,D3,T67,3,5.0,2.019,4.023,backend,5,6,2,5,0,5,20,0.0,0.3716,1.71,27.12,4,0.0
6,D23,T96,3,3.057,4.115,2.1,frontend,5,3,4,0,0,3,18,28.62,0.6181,1.46,27.75,2,0.0
6,D23,T15,3,3.057,4.115,2.1,backend,5,6,0,1,1,1,6,75.68,0.4404,2.45,8.93,3,30.11
6,D10,T53,1,4.108,2.127,4.131,backend,10,4,2,5,1,1,7,69.62,0.4559,1.67,58.81,5,0.0
6,D14,T66,1,1.267,5.0,5.0,backend,10,2,1,4,0,2,8,74.94,0.7167,1.29,23.03,1,44.63
6,D21,T55,3,1.252,4.218,5.0,frontend,1,5,1,2,1,2,14,24.27,0.7389,3.07,2.77,1,43.92
6,D16,T15,1,3.049,5.0,2.044,backend,5,6,0,1,1,1,5,79.72,0.3362,1.89,7.19,2,30.76
6,D9,T35,3,4.05,4.091,5.0,frontend,3,3,1,1,2,5,15,18.82,0.3894,0.96,8.66,0,24.44
6,D25,T73,3,2.022,4.051,1.062,frontend,3,8,2,0,1,2,10,41.29,0.793,5.57,10.6,1,36.72
6,D17,T40,3,1.087,4.071,2.072,backend,1,7,0,4,0,2,8,58.23,0.875,5.52,3.17,0,67.78
6,D15,T58,1,4.096,3.214,3.204,frontend,4,5,3,0,1,6,24,0.0,0.6417,2.35,12.68,1,0.0
6,D4,T68,1,1.089,4.15,2.205,backend,2,3,1,2,1,1,8,72.73,0.7014,1.9,5.19,0,49.95
6,D7,T81,3,5.0,1.263,2.211,backend,7,1,1,4,0,6,18,5.72,0.4052,0.32,39.36,8,0.0
6,D7,T20,3,5.0,1.263,2.211,db,2,1,2,0,4,2,14,25.24,0.6322,0.53,7.19,3,2.23
6,D24,T16,1,4.134,4.177,4.222,frontend,3,4,5,2,0,5,25,6.96,0.6606,1.91,5.27,0,30.24
6,D20,T69,3,3.028,1.058,2.049,backend,3,7,0,4,1,6,48,0.0,0.4641,1.89,9.76,0,0.0
6,D5,T9,1,3.215,3.275,2.395,backend,8,4,0,3,0,5,30,0.0,0.7344,2.0,27.04,0,0.0
6,D21,T6,3,1.252,4.218,5.0,db,7,4,0,1,1,2,6,74.05,0.3215,1.19,37.52,0,0.0
6,D9,T98,3,4.05,4.091,5.0,backend,1,7,0,1,2,4,24,25.02,0.3366,1.72,5.07,0,26.32
6,D20,T87,3,3.028,1.058,2.049,backend,2,4,1,1,1,2,12,42.59,0.8602,2.94,6.67,4,35.7
6,D25,T66,3,2.022,4.051,1.062,backend,10,2,1,4,0,4,24,0.0,0.9109,1.33,26.55,5,0.0
6,D10,T71,1,4.108,2.127,4.131,frontend,4,8,2,0,1,5,30,0.0,0.5468,2.99,18.76,0,0.0
6,D7,T10,3,5.0,1.263,2.211,frontend,2,8,3,0,0,3,24,0.0,0.6305,3.69,8.52,0,0.0
6,D15,T63,1,4.096,3.214,3.204,db,5,6,0,0,2,2,8,70.12,0.5719,3.09,26.54,1,26.58
6,D28,T55,3,3.162,1.326,4.209,frontend,1,5,1,2,1,5,40,0.0,0.6106,1.89,4.71,2,0.0
6,D24,T3,1,4.134,4.177,4.222,db,1,1,0,2,4,4,20,3.31,0.7405,0.57,2.8,0,42.03
6,D3,T31,3,5.0,2.019,4.023,backend,4,5,0,4,0,1,6,80.38,0.3916,1.81,17.68,1,12.58
6,D2,T17,2,3.198,3.204,3.181,db,2,1,2,1,2,1,6,76.29,0.7121,0.66,11.76,0,54.11
6,D2,T97,2,3.198,3.204,3.181,backend,9,2,1,3,0,2,12,41.13,0.7702,1.32,55.32,5,0.0
6,D19,T81,1,3.159,5.0,3.188,backend,7,1,1,4,0,1,8,55.53,0.6764,0.61,39.71,6,0.0
6,D20,T26,3,3.028,1.058,2.049,backend,3,1,1,2,0,3,9,54.18,0.7241,0.64,12.09,2,27.47
6,D19,T7,1,3.159,5.0,3.188,backend,5,5,0,3,2,5,25,0.0,0.5664,2.05,27.33,2,0.0
6,D17,T35,3,1.087,4.071,2.072,frontend,3,3,1,1,2,3,21,27.29,0.8338,1.9,12.71,1,31.55
6,D12,T47,2,4.249,4.299,1.256,backend,9,2,0,5,1,3,18,0.0,0.6958,1.1,47.22,3,0.0
6,D24,T93,1,4.134,4.177,4.222,db,8,6,0,0,4,1,6,73.32,0.6405,3.56,17.02,8,0.0
6,D15,T72,1,4.096,3.214,3.204,db,3,7,2,2,4,5,30,0.0,0.7809,3.73,7.59,0,20.57
7,D25,T53,3,2.038,4.065,1.08,backend,10,4,2,5,1,2,14,55.35,0.8835,2.94,24.03,5,0.0
7,D13,T36,1,2.142,5.0,2.218,frontend,2,5,1,1,0,2,8,73.06,0.5964,2.69,7.62,1,43.71
7,D30,T29,3,1.037,2.031,2.051,frontend,7,8,3,1,2,6,36,0.0,0.7114,3.65,41.6,4,0.0
7,D4,T59,1,1.111,4.194,2.206,backend,3,8,1,2,2,4,28,0.0,0.725,4.05,10.98,1,8.49
7,D22,T99,3,5.0,3.047,5.0,db,2,6,2,2,3,4,16,30.18,0.6177,3.0,7.07,1,46.97
7,D10,T67,1,4.154,2.165,4.159,backend,5,6,2,5,0,5,30,0.0,0.4273,1.75,22.86,5,0.0
7,D10,T35,1,4.154,2.165,4.159,frontend,3,3,1,1,2,1,5,74.13,0.4985,1.4,10.52,0,39.41
7,D8,T27,2,2.213,1.166,2.167,backend,5,6,0,1,1,6,18,15.38,0.8344,3.95,23.88,4,8.87
7,D28,T5,3,3.164,1.389,4.241,db,2,8,0,1,2,2,10,62.72,0.6167,4.33,6.02,2,22.14
7,D5,T74,1,3.306,3.279,2.491,db,3,5,0,1,5,1,8,74.69,0.4858,2.19,4.13,1,42.99
7,D16,T34,1,3.053,5.0,2.059,backend,1,4,1,3,0,4,16,35.61,0.5956,1.93,2.29,0,59.6
7,D29,T54,2,2.3,3.26,1.236,frontend,5,4,2,2,0,1,3,87.13,0.8639,3.33,28.45,2,33.61
7,D8,T75,2,2.213,1.166,2.167,backend,1,5,1,1,1,3,12,61.34,0.8844,3.78,1.44,1,80.37
7,D17,T88,3,1.112,4.078,2.086,backend,3,6,1,3,0,5,15,37.52,0.8025,3.95,9.64,3,39.66
7,D24,T62,1,4.179,4.211,4.224,frontend,2,1,4,0,0,4,20,11.86,0.6412,0.49,6.26,1,24.5
7,D19,T37,1,3.211,5.0,3.223,backend,10,2,2,4,1,2,10,45.51,0.7528,1.32,26.21,2,19.51
7,D21,T92,3,1.323,4.26,5.0,backend,8,2,0,1,0,1,4,86.09,0.3927,0.75,33.64,3,0.0
7,D30,T32,3,1.037,2.031,2.051,backend,5,7,1,4,2,6,48,0.0,0.7603,3.1,17.36,3,0.0
7,D30,T82,3,1.037,2.031,2.051,frontend,4,1,5,1,2,5,35,0.0,0.4714,0.31,15.8,1,0.0
7,D6,T27,3,3.033,4.052,4.052,backend,5,6,0,1,1,2,8,74.79,0.3906,2.11,27.93,3,0.0
7,D15,T22,1,4.128,3.239,3.214,db,2,2,2,0,2,6,18,0.0,0.6285,0.99,8.52,2,3.39
7,D23,T54,3,3.063,4.132,2.127,frontend,5,4,2,2,0,5,15,53.54,0.702,2.3,28.63,1,30.73
7,D16,T25,1,3.053,5.0,2.059,frontend,4,6,4,0,1,2,12,28.47,0.6046,3.1,12.23,1,30.02
7,D13,T81,1,2.142,5.0,2.218,backend,7,1,1,4,0,2,12,61.32,0.7564,0.65,36.76,4,6.87
7,D15,T12,1,4.128,3.239,3.214,db,3,6,1,1,5,6,24,0.0,0.5799,2.55,12.34,0,8.28
7,D11,T28,2,4.34,5.0,2.377,backend,1,7,0,5,0,1,8,71.07,0.7117,4.49,3.79,0,62.47
7,D25,T24,3,2.038,4.065,1.08,frontend,1,8,5,2,1,5,30,0.0,0.5389,2.94,5.19,3,0.0
7,D11,T21,2,4.34,5.0,2.377,frontend,4,1,4,2,2,6,24,0.0,0.7979,0.58,22.73,1,0.0
7,D14,T70,1,1.35,5.0,5.0,db,10,3,1,0,2,5,35,0.0,0.3795,0.74,54.32,7,0.0
7,D4,T36,1,1.111,4.194,2.206,frontend,2,5,1,1,0,4,32,0.0,0.7608,2.54,7.09,0,0.0
7,D30,T33,3,1.037,2.031,2.051,backend,10,3,0,5,2,2,10,41.75,0.5903,1.55,37.6,2,0.0
7,D16,T53,1,3.053,5.0,2.059,backend,10,4,2,5,1,2,16,34.56,0.9156,2.97,28.62,3,0.0
7,D8,T73,2,2.213,1.166,2.167,frontend,3,8,2,0,1,4,32,0.0,0.8811,4.71,8.43,1,27.25
7,D30,T78,3,1.037,2.031,2.051,db,8,6,1,1,5,6,36,0.0,0.5935,2.29,32.46,4,0.0
7,D19,T55,1,3.211,5.0,3.223,frontend,1,5,1,2,1,2,16,32.24,0.518,2.1,9.18,0,36.59
7,D23,T31,3,3.063,4.132,2.127,backend,4,5,0,4,0,1,4,84.77,0.7672,3.64,11.39,2,48.41
7,D26,T15,1,3.138,1.13,4.161,backend,5,6,0,1,1,6,36,0.0,0.7327,2.82,13.98,3,0.0
7,D2,T79,2,3.214,3.204,3.229,backend,8,3,1,3,2,2,6,79.28,0.8279,2.3,37.43,3,0.0
7,D9,T85,3,4.069,4.11,5.0,frontend,9,1,4,1,2,4,16,18.55,0.7462,0.6,21.81,2,22.2
7,D13,T78,1,2.142,5.0,2.218,db,8,6,1,1,5,2,14,39.43,0.4319,2.16,44.96,4,0.0
7,D20,T8,3,3.046,1.059,2.059,db,4,8,2,0,4,6,48,0.0,0.6827,3.19,7.01,4,0.0
7,D19,T12,1,3.211,5.0,3.223,db,3,6,1,1,5,4,12,50.93,0.5204,2.67,13.65,1,39.31
7,D3,T85,3,5.0,2.021,4.027,frontend,9,1,4,1,2,5,20,18.76,0.7681,0.59,31.46,5,0.0
7,D24,T30,1,4.179,4.211,4.224,frontend,6,1,1,1,1,6,48,0.0,0.3612,0.21,17.99,4,0.0
7,D14,T6,1,1.35,5.0,5.0,db,7,4,0,1,1,4,32,2.51,0.2795,0.75,19.45,4,0.0
7,D9,T14,3,4.069,4.11,5.0,db,1,5,2,0,1,6,30,2.98,0.2524,0.86,6.74,0,7.35
7,D29,T91,2,2.3,3.26,1.236,db,3,1,0,2,2,1,4,78.54,0.7763,0.74,12.95,1,49.28
7,D26,T13,1,3.138,1.13,4.161,db,6,8,1,0,4,1,4,81.26,0.86,6.54,19.38,2,44.27
7,D30,T85,3,1.037,2.031,2.051,frontend,9,1,4,1,2,5,30,0.0,0.5914,0.4,43.66,4,0.0
7,D9,T17,3,4.069,4.11,5.0,db,2,1,2,1,2,6,30,0.0,0.4224,0.29,10.53,3,0.0
7,D18,T92,2,5.0,3.218,4.246,backend,8,2,0,1,0,5,30,0.0,0.3565,0.49,39.41,3,0.0
7,D2,T44,2,3.214,3.204,3.229,frontend,3,4,4,0,2,4,12,32.3,0.7086,2.42,10.64,0,45.4
7,D9,T21,3,4.069,4.11,5.0,frontend,4,1,4,2,2,5,35,0.0,0.7962,0.52,14.14,1,0.0
7,D21,T26,3,1.323,4.26,5.0,backend,3,1,1,2,0,3,15,31.39,0.5627,0.46,5.32,0,39.16
7,D8,T5,2,2.213,1.166,2.167,db,2,8,0,1,2,5,40,0.0,0.9053,4.48,6.72,0,17.55
7,D14,T76,1,1.35,5.0,5.0,backend,9,2,2,3,2,3,9,61.11,0.6375,1.13,21.38,7,0.0
7,D4,T89,1,1.111,4.194,2.206,frontend,6,2,1,0,2,3,21,2.84,0.7708,1.17,21.29,7,0.0
7,D18,T17,2,5.0,3.218,4.246,db,2,1,2,1,2,2,16,45.6,0.5296,0.43,11.95,0,37.7
7,D24,T10,1,4.179,4.211,4.224,frontend,2,8,3,0,0,3,9,62.03,0.5212,3.71,3.01,0,40.03
7,D28,T59,3,3.164,1.389,4.241,backend,3,8,1,2,2,1,7,78.59,0.7512,5.49,9.04,1,60.69
7,D26,T20,1,3.138,1.13,4.161,db,2,1,2,0,4,2,8,61.9,0.89,0.8,7.44,0,54.22
7,D17,T83,3,1.112,4.078,2.086,db,6,2,2,1,1,2,16,17.08,0.6891,1.12,13.04,3,25.33
7,D12,T4,2,4.329,4.363,1.275,db,4,3,2,0,1,5,40,0.0,0.679,1.26,23.97,4,0.0
7,D29,T74,2,2.3,3.26,1.236,db,3,5,0,1,5,5,20,6.73,0.3663,1.41,8.82,2,0.0
7,D10,T74,1,4.154,2.165,4.159,db,3,5,0,1,5,6,48,0.0,0.7162,2.09,8.56,3,0.0
7,D18,T11,2,5.0,3.218,4.246,frontend,4,1,3,0,0,5,25,17.17,0.4717,0.34,13.13,1,23.69
7,D12,T36,2,4.329,4.363,1.275,frontend,2,5,1,1,0,1,6,69.38,0.3941,1.82,8.04,0,35.88
7,D7,T1,3,5.0,1.344,2.299,frontend,1,3,2,1,2,5,35,0.0,0.6138,1.19,6.1,1,3.35
7,D11,T82,2,4.34,5.0,2.377,frontend,4,1,5,1,2,2,14,25.99,0.7095,0.59,24.8,3,6.84
7,D30,T98,3,1.037,2.031,2.051,backend,1,7,0,1,2,5,25,15.12,0.8229,4.16,3.32,0,74.42
7,D12,T98,2,4.329,4.363,1.275,backend,1,7,0,1,2,3,18,26.65,0.3582,1.98,3.25,0,30.14
7,D3,T36,3,5.0,2.021,4.027,frontend,2,5,1,1,0,5,40,0.0,0.3481,1.08,10.3,0,0.0
7,D15,T62,1,4.128,3.239,3.214,frontend,2,1,4,0,0,1,5,75.96,0.7263,0.68,14.78,0,41.14
7,D18,T64,2,5.0,3.218,4.246,backend,3,1,0,3,0,2,16,24.16,0.5965,0.48,9.62,0,25.28
7,D20,T91,3,3.046,1.059,2.059,db,3,1,0,2,2,4,20,0.0,0.8545,0.66,7.63,0,14.05
7,D30,T53,3,1.037,2.031,2.051,backend,10,4,2,5,1,5,20,9.98,0.564,1.73,53.17,6,0.0
7,D13,T83,1,2.142,5.0,2.218,db,6,2,2,1,1,5,25,0.0,0.6496,0.94,22.58,0,0.0
7,D8,T56,2,2.213,1.166,2.167,backend,8,4,1,2,1,3,18,32.75,0.8043,2.54,10.5,1,24.19
7,D25,T67,3,2.038,4.065,1.08,backend,5,6,2,5,0,2,6,72.87,0.8535,4.74,11.3,1,78.82
7,D28,T99,3,3.164,1.389,4.241,db,2,6,2,2,3,4,16,5.49,0.7856,3.82,3.18,0,35.66
7,D11,T35,2,4.34,5.0,2.377,frontend,3,3,1,1,2,4,12,52.0,0.3879,0.99,19.88,1,16.94
7,D16,T65,1,3.053,5.0,2.059,frontend,4,6,2,2,2,4,32,0.0,0.7219,2.89,18.04,4,0.0
7,D6,T50,3,3.033,4.052,4.052,db,10,2,0,0,2,6,36,0.0,0.4602,0.59,37.25,7,0.0
7,D14,T63,1,1.35,5.0,5.0,db,5,6,0,0,2,3,15,52.44,0.3495,1.72,25.73,2,0.0
7,D16,T6,1,3.053,5.0,2.059,db,7,4,0,1,1,1,8,55.0,0.5813,2.1,30.53,2,5.92
7,D26,T97,1,3.138,1.13,4.161,backend,9,2,1,3,0,2,8,56.69,0.5439,0.98,36.94,1,0.0
7,D21,T7,3,1.323,4.26,5.0,backend,5,5,0,3,2,5,35,0.0,0.6926,2.24,29.33,4,0.0
7,D8,T31,2,2.213,1.166,2.167,backend,4,5,0,4,0,3,21,0.0,0.4843,1.84,10.93,2,0.0
7,D23,T12,3,3.063,4.132,2.127,db,3,6,1,1,5,5,15,45.61,0.4367,2.15,7.25,1,33.59
7,D18,T77,2,5.0,3.218,4.246,frontend,1,2,3,0,2,6,36,0.0,0.5317,0.68,4.61,0,0.0
7,D18,T6,2,5.0,3.218,4.246,db,7,4,0,1,1,3,15,16.82,0.3496,1.15,40.4,5,0.0
7,D13,T39,1,2.142,5.0,2.218,frontend,4,2,3,0,2,4,16,6.05,0.6405,1.04,26.64,3,0.0
7,D29,T36,2,2.3,3.26,1.236,frontend,2,5,1,1,0,2,16,11.51,0.6939,2.81,8.01,0,37.44
7,D22,T48,3,5.0,3.047,5.0,db,8,8,0,2,1,2,10,46.69,0.3176,2.23,34.12,3,0.0
7,D29,T28,2,2.3,3.26,1.236,backend,1,7,0,5,0,2,16,36.43,0.6391,3.62,1.87,0,44.41
7,D8,T72,2,2.213,1.166,2.167,db,3,7,2,2,4,2,14,20.8,0.7319,4.26,4.64,1,47.02
7,D29,T39,2,2.3,3.26,1.236,frontend,4,2,3,0,2,1,7,61.7,0.7301,1.33,19.56,0,22.47
7,D22,T31,3,5.0,3.047,5.0,backend,4,5,0,4,0,1,4,77.62,0.4856,2.31,6.19,1,30.2
7,D30,T59,3,1.037,2.031,2.051,backend,3,8,1,2,2,6,30,0.0,0.9929,5.42,10.77,1,26.56
7,D28,T71,3,3.164,1.389,4.241,frontend,4,8,2,0,1,5,20,0.0,0.6936,4.27,11.93,1,6.93
7,D23,T57,3,3.063,4.132,2.127,frontend,9,4,1,0,0,3,15,43.55,0.482,1.58,58.24,10,0.0
7,D10,T97,1,4.154,2.165,4.159,backend,9,2,1,3,0,5,35,0.0,0.6173,0.8,54.42,6,0.0
7,D7,T32,3,5.0,1.344,2.299,backend,5,7,1,4,2,1,5,73.54,0.4723,3.1,33.76,2,0.0
7,D18,T62,2,5.0,3.218,4.246,frontend,2,1,4,0,0,2,16,11.8,0.5917,0.48,4.96,2,26.88
7,D22,T56,3,5.0,3.047,5.0,backend,8,4,1,2,1,1,8,73.48,0.5544,2.0,21.14,4,0.0
7,D5,T30,1,3.306,3.279,2.491,frontend,6,1,1,1,1,2,6,64.15,0.5646,0.52,10.02,3,11.63
7,D10,T17,1,4.154,2.165,4.159,db,2,1,2,1,2,1,8,64.72,0.618,0.56,9.25,0,49.78
7,D29,T83,2,2.3,3.26,1.236,db,6,2,2,1,1,6,36,0.0,0.8497,1.09,21.04,4,0.0
7,D2,T93,2,3.214,3.204,3.229,db,8,6,0,0,4,2,6,71.17,0.6509,3.61,32.84,4,0.0
7,D22,T32,3,5.0,3.047,5.0,backend,5,7,1,4,2,2,10,42.64,0.5956,3.66,14.32,0,30.08
7,D16,T75,1,3.053,5.0,2.059,backend,1,5,1,1,1,1,5,72.07,0.3856,1.81,2.9,0,41.08
7,D25,T37,3,2.038,4.065,1.08,backend,10,2,2,4,1,3,12,59.09,0.9879,1.69,15.03,3,46.51
7,D9,T5,3,4.069,4.11,5.0,db,2,8,0,1,2,3,18,0.47,0.3624,2.29,10.81,0,0.0
7,D3,T27,3,5.0,2.021,4.027,backend,5,6,0,1,1,2,6,69.42,0.5367,2.98,34.68,1,0.0
7,D15,T70,1,4.128,3.239,3.214,db,10,3,1,0,2,3,24,0.0,0.5985,1.31,51.47,12,0.0
7,D16,T99,1,3.053,5.0,2.059,db,2,6,2,2,3,2,10,52.35,0.7055,3.71,6.67,0,43.31
7,D6,T37,3,3.033,4.052,4.052,backend,10,2,2,4,1,6,48,0.0,0.8506,0.99,30.56,3,0.0
7,D3,T72,3,5.0,2.021,4.027,db,3,7,2,2,4,5,25,1.21,0.9057,4.58,7.68,0,41.5
7,D20,T42,3,3.046,1.059,2.059,frontend,6,5,4,0,0,6,48,0.0,0.7708,2.25,29.83,4,0.0
7,D24,T29,1,4.179,4.211,4.224,frontend,7,8,3,1,2,3,21,31.91,0.6312,3.83,15.41,3,10.4
7,D25,T100,3,2.038,4.065,1.08,db,3,8,2,0,1,2,8,60.7,0.786,5.67,7.38,2,41.91
7,D24,T74,1,4.179,4.211,4.224,db,3,5,0,1,5,4,28,0.0,0.621,2.17,5.83,0,0.0
7,D18,T43,2,5.0,3.218,4.246,db,9,7,2,1,5,4,12,43.87,0.7086,4.24,25.97,6,0.0
7,D26,T43,1,3.138,1.13,4.161,db,9,7,2,1,5,2,14,47.1,0.8587,5.0,30.22,6,0.0
7,D28,T16,3,3.164,1.389,4.241,frontend,3,4,5,2,0,4,24,22.22,0.6219,1.82,21.88,5,0.0
7,D28,T78,3,3.164,1.389,4.241,db,8,6,1,1,5,6,24,0.0,0.8245,3.62,35.31,4,0.0
7,D17,T7,3,1.112,4.078,2.086,backend,5,5,0,3,2,2,10,54.66,0.8125,3.57,23.49,0,24.79
7,D14,T56,1,1.35,5.0,5.0,backend,8,4,1,2,1,3,18,20.46,0.5025,1.59,22.95,5,0.0
7,D20,T2,3,3.046,1.059,2.059,db,8,3,0,1,3,3,15,29.4,0.7927,1.95,28.71,2,22.41
7,D18,T74,2,5.0,3.218,4.246,db,3,5,0,1,5,5,15,47.52,0.6486,2.66,9.12,2,33.35
7,D6,T25,3,3.033,4.052,4.052,frontend,4,6,4,0,1,4,32,0.0,0.5898,2.36,27.13,3,0.0
7,D7,T59,3,5.0,1.344,2.299,backend,3,8,1,2,2,3,15,17.08,0.7123,4.68,14.99,1,39.38
7,D16,T43,1,3.053,5.0,2.059,db,9,7,2,1,5,2,14,24.54,0.4155,2.42,40.04,3,0.0
7,D15,T11,1,4.128,3.239,3.214,frontend,4,1,3,0,0,3,18,36.34,0.6063,0.48,10.21,1,33.15
7,D3,T29,3,5.0,2.021,4.027,frontend,7,8,3,1,2,5,15,33.06,0.6481,4.26,25.89,3,12.0
7,D8,T26,2,2.213,1.166,2.167,backend,3,1,1,2,0,2,14,34.15,0.7743,0.64,14.98,1,15.07
7,D16,T95,1,3.053,5.0,2.059,backend,8,3,1,3,0,1,7,60.56,0.5956,1.63,27.43,6,5.6
7,D23,T56,3,3.063,4.132,2.127,backend,8,4,1,2,1,1,6,74.77,0.6072,2.25,41.59,2,0.0
7,D10,T87,1,4.154,2.165,4.159,backend,2,4,1,1,1,1,6,70.78,0.6077,2.25,7.3,0,47.4
7,D12,T90,2,4.329,4.363,1.275,frontend,10,6,3,2,0,4,24,0.0,0.6841,3.0,67.52,5,0.0
7,D20,T94,3,3.046,1.059,2.059,backend,5,8,2,3,0,1,3,83.79,0.653,5.03,14.74,6,0.0
7,D15,T32,1,4.128,3.239,3.214,backend,5,7,1,4,2,4,24,25.14,0.7159,3.67,9.93,1,19.23
7,D23,T96,3,3.063,4.132,2.127,frontend,5,3,4,0,0,4,12,47.16,0.6171,1.58,28.59,0,4.49
7,D26,T13,1,3.138,1.13,4.161,db,6,8,1,0,4,2,16,27.24,0.86,5.57,37.4,6,0.0
7,D15,T53,1,4.128,3.239,3.214,backend,10,4,2,5,1,4,20,6.37,0.6159,1.89,80.89,1,0.0
7,D5,T46,1,3.306,3.279,2.491,db,2,7,0,0,5,2,16,19.76,0.4358,2.47,14.26,1,5.35
7,D18,T22,2,5.0,3.218,4.246,db,2,2,2,0,2,2,16,40.03,0.4796,0.78,8.71,0,37.94
7,D22,T99,3,5.0,3.047,5.0,db,2,6,2,2,3,1,3,90.7,0.6177,3.57,1.2,0,78.72
7,D25,T79,3,2.038,4.065,1.08,backend,8,3,1,3,2,2,12,47.52,0.7927,2.03,16.2,3,26.81
7,D24,T27,1,4.179,4.211,4.224,backend,5,6,0,1,1,6,18,42.52,0.309,1.46,14.09,3,0.0
7,D10,T80,1,4.154,2.165,4.159,frontend,2,2,1,2,0,3,9,72.03,0.4885,0.87,4.91,1,32.86
7,D19,T50,1,3.211,5.0,3.223,db,10,2,0,0,2,4,28,0.0,0.5069,0.71,82.22,6,0.0
7,D2,T27,2,3.214,3.204,3.229,backend,5,6,0,1,1,3,12,53.18,0.5079,2.6,19.56,3,10.1
7,D22,T90,3,5.0,3.047,5.0,frontend,10,6,3,2,0,4,12,34.58,0.5576,2.86,41.18,3,0.0
7,D27,T74,2,3.146,1.105,5.0,db,3,5,0,1,5,4,12,59.21,0.9004,3.85,4.58,0,65.08
7,D8,T55,2,2.213,1.166,2.167,frontend,1,5,1,2,1,4,24,0.0,0.7777,2.84,2.97,1,36.26
7,D13,T86,1,2.142,5.0,2.218,backend,8,7,2,5,2,4,24,0.0,0.9864,5.05,10.25,4,1.97
7,D27,T37,2,3.146,1.105,5.0,backend,10,2,2,4,1,6,24,0.0,0.4753,0.7,47.05,6,0.0
7,D22,T69,3,5.0,3.047,5.0,backend,3,7,0,4,1,6,36,0.0,0.5156,2.32,5.96,3,0.0
7,D18,T69,2,5.0,3.218,4.246,backend,3,7,0,4,1,2,16,49.48,0.5588,3.17,14.34,1,8.04
7,D22,T79,3,5.0,3.047,5.0,backend,8,3,1,3,2,3,15,24.79,0.7044,1.73,38.03,6,0.0
7,D12,T84,2,4.329,4.363,1.275,frontend,6,4,3,0,1,6,30,0.0,0.6141,1.68,33.29,3,0.0
7,D16,T37,1,3.053,5.0,2.059,backend,10,2,2,4,1,1,6,66.54,0.7956,1.47,15.79,3,39.2
7,D6,T53,3,3.033,4.052,4.052,backend,10,4,2,5,1,3,21,0.0,0.743,2.26,77.08,11,0.0
7,D28,T3,3,3.164,1.389,4.241,db,1,1,0,2,4,3,12,41.1,0.8456,0.72,1.24,0,82.39
7,D23,T50,3,3.063,4.132,2.127,db,10,2,0,0,2,3,24,0.0,0.6863,1.0,60.72,4,0.0
7,D9,T13,3,4.069,4.11,5.0,db,6,8,1,0,4,1,8,56.21,0.5824,4.2,22.41,2,6.58
7,D8,T100,2,2.213,1.166,2.167,db,3,8,2,0,1,4,24,21.72,0.7953,4.65,9.53,2,28.36
7,D5,T42,1,3.306,3.279,2.491,frontend,6,5,4,0,0,6,42,0.0,0.678,2.06,14.39,0,0.0
7,D27,T41,2,3.146,1.105,5.0,db,7,1,0,1,4,5,30,0.0,0.7804,0.53,46.27,6,0.0
7,D30,T53,3,1.037,2.031,2.051,backend,10,4,2,5,1,2,6,76.34,0.564,2.09,31.32,1,0.65
7,D9,T92,3,4.069,4.11,5.0,backend,8,2,0,1,0,3,21,1.67,0.2733,0.41,21.89,5,0.0
7,D23,T57,3,3.063,4.132,2.127,frontend,9,4,1,0,0,3,18,37.64,0.482,1.52,55.75,4,0.0
7,D6,T30,3,3.033,4.052,4.052,frontend,6,1,1,1,1,4,32,0.0,0.5119,0.34,16.5,5,0.0
7,D29,T5,2,2.3,3.26,1.236,db,2,8,0,1,2,5,30,0.0,0.7263,3.97,6.77,0,13.52
7,D6,T32,3,3.033,4.052,4.052,backend,5,7,1,4,2,5,20,16.45,0.8305,4.47,19.17,0,24.35
7,D16,T26,1,3.053,5.0,2.059,backend,3,1,1,2,0,3,21,0.0,0.4756,0.36,9.31,2,0.0
7,D24,T14,1,4.179,4.211,4.224,db,1,5,2,0,1,3,12,55.68,0.3372,1.44,3.98,2,35.1
7,D25,T91,3,2.038,4.065,1.08,db,3,1,0,2,2,1,6,70.52,0.7252,0.67,9.1,0,53.09
7,D27,T88,2,3.146,1.105,5.0,backend,3,6,1,3,0,3,18,0.0,0.5153,2.44,10.65,2,0.0
7,D12,T35,2,4.329,4.363,1.275,frontend,3,3,1,1,2,1,7,61.88,0.4106,1.13,21.67,5,0.0
7,D5,T49,1,3.306,3.279,2.491,frontend,4,4,5,1,2,4,12,54.19,0.668,2.28,9.33,1,33.69
7,D24,T7,1,4.179,4.211,4.224,backend,5,5,0,3,2,6,48,0.0,0.579,1.69,14.85,6,0.0
7,D15,T2,1,4.128,3.239,3.214,db,8,3,0,1,3,2,16,44.04,0.7385,1.79,20.68,5,21.99
7,D24,T81,1,4.179,4.211,4.224,backend,7,1,1,4,0,3,24,0.0,0.689,0.5,28.98,0,0.0
7,D18,T50,2,5.0,3.218,4.246,db,10,2,0,0,2,6,24,0.0,0.4196,0.61,43.63,2,0.0
7,D5,T43,1,3.306,3.279,2.491,db,9,7,2,1,5,6,30,0.0,0.5458,2.61,25.68,7,0.0
7,D8,T89,2,2.213,1.166,2.167,frontend,6,2,1,0,2,5,35,0.0,0.7911,1.03,12.11,2,0.56
7,D29,T19,2,2.3,3.26,1.236,frontend,9,3,2,2,1,2,12,39.06,0.8939,2.29,41.68,4,0.0
7,D1,T69,3,4.177,5.0,3.13,backend,3,7,0,4,1,3,15,15.34,0.6073,3.49,16.64,3,14.21
7,D28,T86,3,3.164,1.389,4.241,backend,8,7,2,5,2,2,14,23.72,0.4413,2.57,15.49,7,0.0
7,D30,T18,3,1.037,2.031,2.051,db,6,7,1,1,1,2,6,70.68,0.8212,5.32,20.36,1,31.45
7,D15,T87,1,4.128,3.239,3.214,backend,2,4,1,1,1,6,36,0.0,0.5085,1.31,13.38,2,0.0
7,D25,T93,3,2.038,4.065,1.08,db,8,6,0,0,4,6,30,0.0,0.3852,1.58,34.22,5,0.0
7,D11,T40,2,4.34,5.0,2.377,backend,1,7,0,4,0,4,12,59.72,0.5917,3.54,4.55,0,45.67
7,D25,T9,3,2.038,4.065,1.08,backend,8,4,0,3,0,5,40,0.0,0.7379,1.83,32.55,1,0.0
7,D26,T16,1,3.138,1.13,4.161,frontend,3,4,5,2,0,2,8,55.27,0.6082,2.19,16.62,1,36.05
7,D19,T75,1,3.211,5.0,3.223,backend,1,5,1,1,1,3,12,41.25,0.3428,1.46,5.89,0,23.02
7,D27,T1,2,3.146,1.105,5.0,frontend,1,3,2,1,2,3,12,49.35,0.7672,1.97,4.21,0,63.71
7,D27,T48,2,3.146,1.105,5.0,db,8,8,0,2,1,6,42,0.0,0.3809,1.86,64.15,4,0.0
8,D23,T76,3,3.093,4.166,2.136,backend,9,2,2,3,2,2,14,20.34,0.8014,1.33,26.41,3,0.0
8,D1,T89,3,4.236,5.0,3.167,frontend,6,2,1,0,2,3,15,12.22,0.3267,0.54,39.16,4,0.0
8,D24,T75,1,4.249,4.234,4.247,backend,1,5,1,1,1,1,6,64.82,0.3521,1.63,2.36,1,40.61
8,D27,T36,2,3.152,1.109,5.0,frontend,2,5,1,1,0,6,18,19.32,0.5863,2.31,5.68,0,48.99
8,D6,T64,3,3.044,4.062,4.063,backend,3,1,0,3,0,4,32,0.0,0.5985,0.4,8.82,4,0.0
8,D1,T15,3,4.236,5.0,3.167,backend,5,6,0,1,1,4,12,37.18,0.2432,1.25,18.39,3,0.0
8,D27,T56,2,3.152,1.109,5.0,backend,8,4,1,2,1,4,24,0.0,0.6655,1.95,22.91,6,0.0
8,D6,T4,3,3.044,4.062,4.063,db,4,3,2,0,1,6,48,0.0,0.398,0.7,34.86,3,0.0
8,D20,T15,3,3.052,1.072,2.073,backend,5,6,0,1,1,1,5,80.17,0.8066,4.54,6.45,2,50.74
8,D18,T92,2,5.0,3.277,4.279,backend,8,2,0,1,0,4,16,40.1,0.3484,0.56,28.48,3,0.0
8,D6,T82,3,3.044,4.062,4.063,frontend,4,1,5,1,2,2,14,32.62,0.5503,0.46,18.89,4,0.0
8,D18,T87,2,5.0,3.277,4.279,backend,2,4,1,1,1,1,6,70.8,0.4284,1.59,6.18,2,26.99
8,D8,T94,2,2.215,1.219,2.193,backend,5,8,2,3,0,5,25,0.0,0.7097,4.1,5.17,5,0.0
8,D22,T59,3,5.0,3.048,5.0,backend,3,8,1,2,2,2,10,40.63,0.5842,4.1,6.86,1,34.51
8,D1,T73,3,4.236,5.0,3.167,frontend,3,8,2,0,1,3,18,36.25,0.4167,2.63,20.98,1,2.11
8,D7,T25,3,5.0,1.397,2.355,frontend,4,6,4,0,1,5,35,0.0,0.7695,2.99,10.92,0,13.99
8,D15,T40,1,4.185,3.287,3.282,backend,1,7,0,4,0,1,5,78.01,0.6067,3.98,4.3,0,57.89
8,D30,T32,3,1.047,2.043,2.051,backend,5,7,1,4,2,4,20,0.0,0.7613,4.1,19.64,1,0.0
8,D26,T28,1,3.154,1.157,4.185,backend,1,7,0,5,0,6,24,0.0,0.2556,1.31,4.35,0,0.45
8,D24,T95,1,4.249,4.234,4.247,backend,8,3,1,3,0,3,12,63.4,0.5621,1.44,20.64,3,8.02
8,D15,T25,1,4.185,3.287,3.282,frontend,4,6,4,0,1,4,20,18.51,0.745,3.44,31.59,2,4.13
8,D6,T2,3,3.044,4.062,4.063,db,8,3,0,1,3,6,42,0.0,0.628,1.15,34.27,2,0.0
8,D21,T93,3,1.363,4.282,5.0,db,8,6,0,0,4,5,30,0.0,0.625,2.56,53.64,6,0.0
8,D20,T75,3,3.052,1.072,2.073,backend,1,5,1,1,1,5,40,0.0,0.8566,2.65,1.89,0,19.4
8,D6,T44,3,3.044,4.062,4.063,frontend,3,4,4,0,2,3,15,22.37,0.6203,2.04,8.8,2,24.86
8,D4,T55,1,1.121,4.222,2.208,frontend,1,5,1,2,1,4,28,0.0,0.8381,2.92,4.71,1,22.74
8,D7,T96,3,5.0,1.397,2.355,frontend,5,3,4,0,0,1,7,71.55,0.7395,2.03,20.82,3,26.38
8,D2,T76,2,3.233,3.232,3.29,backend,9,2,2,3,2,2,12,57.8,0.8718,1.49,45.52,8,0.0
8,D10,T97,1,4.169,2.189,4.201,backend,9,2,1,3,0,1,5,74.97,0.6182,1.16,33.69,7,0.0
8,D19,T6,1,3.223,5.0,3.235,db,7,4,0,1,1,3,24,0.0,0.4351,1.27,52.96,1,0.0
8,D19,T78,1,3.223,5.0,3.235,db,8,6,1,1,5,3,18,30.65,0.5215,2.47,29.91,2,0.0
8,D27,T91,2,3.152,1.109,5.0,db,3,1,0,2,2,5,25,5.45,0.5009,0.36,7.17,2,15.39
8,D25,T92,3,2.046,4.068,1.084,backend,8,2,0,1,0,4,32,0.0,0.497,0.66,13.06,8,0.0
8,D16,T71,1,3.061,5.0,2.067,frontend,4,8,2,0,1,6,42,0.0,0.5907,2.88,16.22,1,0.0
8,D22,T89,3,5.0,3.048,5.0,frontend,6,2,1,0,2,5,30,7.8,0.2776,0.38,25.35,3,0.0
8,D7,T25,3,5.0,1.397,2.355,frontend,4,6,4,0,1,6,18,18.53,0.7695,3.64,16.87,2,19.41
8,D3,T46,3,5.0,2.031,4.029,db,2,7,0,0,5,3,21,0.0,0.6319,3.36,7.92,0,0.32
8,D26,T52,1,3.154,1.157,4.185,frontend,9,7,1,1,0,2,12,60.48,0.6081,3.64,19.24,1,21.13
8,D17,T17,3,1.113,4.115,2.113,db,2,1,2,1,2,1,7,70.53,0.8041,0.73,6.73,1,59.04
8,D30,T72,3,1.047,2.043,2.051,db,3,7,2,2,4,5,15,34.62,0.7354,4.23,5.78,0,57.31
8,D7,T13,3,5.0,1.397,2.355,db,6,8,1,0,4,2,12,44.05,0.6128,4.19,35.85,3,0.0
8,D19,T91,1,3.223,5.0,3.235,db,3,1,0,2,2,2,12,53.34,0.6051,0.52,12.85,0,34.75
8,D10,T48,1,4.169,2.189,4.201,db,8,8,0,2,1,6,24,18.48,0.4814,2.82,59.62,8,0.0
8,D22,T67,3,5.0,3.048,5.0,backend,5,6,2,5,0,4,28,0.0,0.4658,1.95,18.94,5,0.0
8,D23,T44,3,3.093,4.166,2.136,frontend,3,4,4,0,2,2,8,54.57,0.6788,2.45,17.67,3,14.15
8,D20,T1,3,3.052,1.072,2.073,frontend,1,3,2,1,2,1,4,85.64,0.868,2.47,1.86,1,75.34
8,D27,T56,2,3.152,1.109,5.0,backend,8,4,1,2,1,6,48,0.0,0.6655,1.55,34.23,2,0.0
8,D6,T70,3,3.044,4.062,4.063,db,10,3,1,0,2,4,16,38.44,0.488,1.19,58.19,6,0.0
8,D30,T98,3,1.047,2.043,2.051,backend,1,7,0,1,2,5,15,26.63,0.821,4.72,2.99,1,73.33
8,D12,T32,2,4.355,4.364,1.308,backend,5,7,1,4,2,2,6,80.29,0.7678,4.97,16.55,0,48.28
8,D17,T45,3,1.113,4.115,2.113,frontend,7,5,2,0,2,4,16,33.33,0.6844,2.77,17.78,5,0.0
8,D1,T67,3,4.236,5.0,3.167,backend,5,6,2,5,0,6,48,0.0,0.7932,2.78,26.2,3,0.0
8,D21,T79,3,1.363,4.282,5.0,backend,8,3,1,3,2,5,15,25.75,0.738,1.82,34.79,2,0.0
8,D12,T45,2,4.355,4.364,1.308,frontend,7,5,2,0,2,4,28,0.0,0.4784,1.67,48.3,6,0.0
8,D15,T41,1,4.185,3.287,3.282,db,7,1,0,1,4,3,24,0.0,0.6739,0.49,49.3,1,0.0
8,D11,T89,2,4.37,5.0,2.437,frontend,6,2,1,0,2,5,20,23.99,0.3325,0.51,36.7,1,0.0
8,D5,T39,1,3.316,3.374,2.501,frontend,4,2,3,0,2,3,21,0.0,0.7784,1.18,10.2,0,0.0
8,D3,T67,3,5.0,2.031,4.029,backend,5,6,2,5,0,3,9,66.47,0.3729,1.99,31.2,4,0.0
8,D4,T28,1,1.121,4.222,2.208,backend,1,7,0,5,0,5,40,0.0,0.7844,3.4,4.58,0,3.66
8,D27,T77,2,3.152,1.109,5.0,frontend,1,2,3,0,2,2,14,56.69,0.8363,1.39,4.44,0,61.3
8,D6,T65,3,3.044,4.062,4.063,frontend,4,6,2,2,2,3,12,43.39,0.7097,3.64,14.05,0,33.61
8,D30,T4,3,1.047,2.043,2.051,db,4,3,2,0,1,3,18,0.0,0.7431,1.76,32.21,2,0.0
8,D13,T75,1,2.152,5.0,2.267,backend,1,5,1,1,1,4,32,0.0,0.4244,1.42,5.51,0,13.0
8,D10,T99,1,4.169,2.189,4.201,db,2,6,2,2,3,3,24,0.0,0.7814,3.43,7.74,0,10.65
8,D20,T18,3,3.052,1.072,2.073,db,6,7,1,1,1,5,40,0.0,0.8061,3.49,18.47,1,0.0
8,D26,T36,1,3.154,1.157,4.185,frontend,2,5,1,1,0,5,40,0.0,0.6081,1.88,7.5,1,0.77
8,D13,T72,1,2.152,5.0,2.267,db,3,7,2,2,4,3,24,0.0,0.6375,3.26,10.34,1,0.0
8,D3,T4,3,5.0,2.031,4.029,db,4,3,2,0,1,6,48,0.0,0.445,0.78,29.99,3,0.0
8,D23,T53,3,3.093,4.166,2.136,backend,10,4,2,5,1,1,6,78.47,0.8112,3.0,42.05,8,0.0
8,D9,T52,3,4.088,4.134,5.0,frontend,9,7,1,1,0,4,16,18.46,0.3227,1.83,44.1,9,0.0
8,D4,T65,1,1.121,4.222,2.208,frontend,4,6,2,2,2,3,12,38.08,0.7772,3.98,18.76,1,30.14
8,D15,T85,1,4.185,3.287,3.282,frontend,9,1,4,1,2,4,20,27.24,0.825,0.63,32.43,0,12.76
8,D22,T45,3,5.0,3.048,5.0,frontend,7,5,2,0,2,4,16,8.8,0.3976,1.61,38.51,10,0.0
8,D12,T56,2,4.355,4.364,1.308,backend,8,4,1,2,1,1,4,85.84,0.5393,2.05,25.71,4,12.65
8,D24,T63,1,4.249,4.234,4.247,db,5,6,0,0,2,2,14,43.85,0.3912,1.95,13.82,3,0.0
8,D2,T15,2,3.233,3.232,3.29,backend,5,6,0,1,1,1,7,68.65,0.5018,2.75,20.8,1,22.38
8,D29,T93,2,2.302,3.324,1.247,db,8,6,0,0,4,1,7,63.09,0.4344,2.38,26.2,9,0.0
8,D5,T12,1,3.316,3.374,2.501,db,3,6,1,1,5,2,16,46.56,0.5119,2.49,7.89,2,36.85
8,D27,T77,2,3.152,1.109,5.0,frontend,1,2,3,0,2,5,35,0.0,0.8363,1.08,5.2,0,9.83
8,D6,T48,3,3.044,4.062,4.063,db,8,8,0,2,1,6,48,0.0,0.438,2.04,67.36,7,0.0
8,D20,T48,3,3.052,1.072,2.073,db,8,8,0,2,1,2,16,36.06,0.7333,4.75,19.7,8,0.0
8,D10,T84,1,4.169,2.189,4.201,frontend,6,4,3,0,1,6,42,0.0,0.6542,1.59,32.29,2,0.0
8,D19,T42,1,3.223,5.0,3.235,frontend,6,5,4,0,0,2,8,75.52,0.5597,2.52,13.86,1,21.7
8,D20,T11,3,3.052,1.072,2.073,frontend,4,1,3,0,0,3,12,59.87,0.878,0.75,8.59,2,34.96
8,D17,T5,3,1.113,4.115,2.113,db,2,8,0,1,2,3,15,38.76,0.7973,5.24,7.24,2,42.06
8,D29,T3,2,2.302,3.324,1.247,db,1,1,0,2,4,6,18,41.14,0.5344,0.42,2.01,0,62.08
8,D16,T54,1,3.061,5.0,2.067,frontend,5,4,2,2,0,4,32,0.0,0.6607,1.77,26.42,4,0.0
8,D17,T9,3,1.113,4.115,2.113,backend,8,4,0,3,0,2,14,57.26,0.7472,2.49,16.74,2,34.98
8,D8,T79,2,2.215,1.219,2.193,backend,8,3,1,3,2,1,5,73.38,0.7197,2.02,29.78,2,19.88
8,D19,T86,1,3.223,5.0,3.235,backend,8,7,2,5,2,6,36,0.0,0.9018,4.05,22.83,8,0.0
8,D12,T43,2,4.355,4.364,1.308,db,9,7,2,1,5,3,9,47.75,0.3181,1.98,68.34,6,0.0
8,D30,T4,3,1.047,2.043,2.051,db,4,3,2,0,1,1,6,73.21,0.7431,2.06,11.88,5,16.92
8,D23,T80,3,3.093,4.166,2.136,frontend,2,2,1,2,0,3,15,50.91,0.5765,0.95,7.56,1,36.28
8,D4,T12,1,1.121,4.222,2.208,db,3,6,1,1,5,1,6,70.05,0.5002,2.78,7.79,0,27.45
8,D21,T75,3,1.363,4.282,5.0,backend,1,5,1,1,1,4,12,29.91,0.468,2.0,3.81,1,32.76
8,D21,T1,3,1.363,4.282,5.0,frontend,1,3,2,1,2,3,15,47.14,0.6695,1.65,4.13,0,59.27
8,D8,T88,2,2.215,1.219,2.193,backend,3,6,1,3,0,2,16,18.74,0.6597,3.21,14.38,1,0.0
8,D18,T77,2,5.0,3.277,4.279,frontend,1,2,3,0,2,4,28,0.0,0.5278,0.74,5.68,1,18.51
8,D13,T64,1,2.152,5.0,2.267,backend,3,1,0,3,0,2,6,77.42,0.5844,0.54,9.83,2,24.61
8,D27,T44,2,3.152,1.109,5.0,frontend,3,4,4,0,2,4,24,0.0,0.7528,2.2,12.67,1,2.78
8,D8,T75,2,2.215,1.219,2.193,backend,1,5,1,1,1,4,12,59.82,0.8772,3.75,4.07,1,72.05
8,D26,T73,1,3.154,1.157,4.185,frontend,3,8,2,0,1,3,9,50.55,0.7081,5.04,4.44,1,53.99
8,D18,T94,2,5.0,3.277,4.279,backend,5,8,2,3,0,1,8,70.11,0.6884,4.96,22.6,4,11.53
8,D9,T29,3,4.088,4.134,5.0,frontend,7,8,3,1,2,3,12,50.24,0.6227,4.26,22.22,1,22.49
8,D7,T90,3,5.0,1.397,2.355,frontend,10,6,3,2,0,1,5,81.13,0.6592,3.71,31.93,1,0.0
8,D23,T68,3,3.093,4.166,2.136,backend,2,3,1,2,1,3,24,7.83,0.6014,1.32,3.9,0,37.51
8,D11,T78,2,4.37,5.0,2.437,db,8,6,1,1,5,6,30,0.52,0.3913,1.6,52.21,8,0.0
8,D16,T23,1,3.061,5.0,2.067,db,6,2,1,1,3,1,4,85.98,0.6262,1.19,13.35,5,20.57
8,D27,T94,2,3.152,1.109,5.0,backend,5,8,2,3,0,2,14,39.86,0.5655,3.76,17.73,5,0.0
8,D11,T98,2,4.37,5.0,2.437,backend,1,7,0,1,2,4,32,0.0,0.2884,1.35,4.75,0,11.48
8,D16,T78,1,3.061,5.0,2.067,db,8,6,1,1,5,3,9,51.96,0.3862,2.06,36.74,6,0.0
8,D24,T56,1,4.249,4.234,4.247,backend,8,4,1,2,1,3,21,0.0,0.4721,1.43,27.08,2,0.0
8,D16,T66,1,3.061,5.0,2.067,backend,10,2,1,4,0,1,6,64.8,0.7149,1.32,37.06,3,0.0
8,D13,T92,1,2.152,5.0,2.267,backend,8,2,0,1,0,3,21,34.3,0.3444,0.52,48.03,4,0.0
8,D4,T99,1,1.121,4.222,2.208,db,2,6,2,2,3,4,24,0.0,0.7675,3.37,6.85,1,12.98
8,D19,T24,1,3.223,5.0,3.235,frontend,1,8,5,2,1,3,24,18.5,0.5697,3.33,4.33,0,38.83
8,D12,T29,2,4.355,4.364,1.308,frontend,7,8,3,1,2,4,24,0.0,0.6484,3.79,49.27,4,0.0
8,D1,T84,3,4.236,5.0,3.167,frontend,6,4,3,0,1,5,20,11.9,0.5367,1.65,33.67,6,0.0
8,D29,T45,2,2.302,3.324,1.247,frontend,7,5,2,0,2,6,18,5.29,0.775,3.06,27.96,0,5.35
8,D10,T37,1,4.169,2.189,4.201,backend,10,2,2,4,1,3,24,0.0,0.5782,0.85,51.56,3,0.0
8,D6,T90,3,3.044,4.062,4.063,frontend,10,6,3,2,0,3,12,38.4,0.7697,3.95,26.99,4,4.8
8,D20,T85,3,3.052,1.072,2.073,frontend,9,1,4,1,2,4,32,0.0,0.8804,0.59,9.95,2,19.72
8,D28,T52,3,3.192,1.429,4.326,frontend,9,7,1,1,0,2,10,48.51,0.5857,3.6,30.89,7,0.0
8,D24,T81,1,4.249,4.234,4.247,backend,7,1,1,4,0,3,15,36.67,0.6821,0.56,55.79,3,0.0
8,D29,T64,2,2.302,3.324,1.247,backend,3,1,0,3,0,5,30,0.0,0.8086,0.55,7.46,1,21.91
8,D20,T98,3,3.052,1.072,2.073,backend,1,7,0,1,2,1,8,54.55,0.8366,5.28,2.07,0,67.06
8,D10,T69,1,4.169,2.189,4.201,backend,3,7,0,4,1,2,8,52.69,0.4782,3.02,11.85,1,29.52
8,D30,T51,3,1.047,2.043,2.051,backend,10,4,0,1,2,1,6,74.58,0.821,3.04,13.59,4,37.38
8,D2,T16,2,3.233,3.232,3.29,frontend,3,4,5,2,0,4,24,25.57,0.6277,1.84,19.54,0,6.95
8,D7,T56,3,5.0,1.397,2.355,backend,8,4,1,2,1,2,14,53.31,0.687,2.29,38.41,4,0.0
8,D19,T68,1,3.223,5.0,3.235,backend,2,3,1,2,1,5,15,36.3,0.4618,1.14,6.67,2,26.13
8,D21,T98,3,1.363,4.282,5.0,backend,1,7,0,1,2,6,24,2.09,0.448,2.29,5.06,1,6.87
8,D7,T53,3,5.0,1.397,2.355,backend,10,4,2,5,1,3,21,32.01,0.377,1.14,57.55,7,0.0
8,D6,T63,3,3.044,4.062,4.063,db,5,6,0,0,2,2,6,75.0,0.458,2.54,37.81,1,0.0
8,D25,T58,3,2.046,4.068,1.084,frontend,4,5,3,0,1,1,5,73.23,0.6796,3.19,9.76,1,28.08
8,D1,T29,3,4.236,5.0,3.167,frontend,7,8,3,1,2,6,18,22.33,0.6167,3.89,34.51,2,0.0
8,D1,T42,3,4.236,5.0,3.167,frontend,6,5,4,0,0,3,15,28.41,0.6267,2.57,39.69,2,0.0
8,D12,T6,2,4.355,4.364,1.308,db,7,4,0,1,1,6,18,22.28,0.6642,2.1,54.86,2,0.0
8,D21,T5,3,1.363,4.282,5.0,db,2,8,0,1,2,6,36,0.0,0.435,2.23,7.84,1,0.0
8,D19,T68,1,3.223,5.0,3.235,backend,2,3,1,2,1,4,20,0.0,0.4618,1.07,7.26,0,6.09
8,D28,T48,3,3.192,1.429,4.326,db,8,8,0,2,1,6,48,0.0,0.4766,2.22,54.21,11,0.0
8,D25,T82,3,2.046,4.068,1.084,frontend,4,1,5,1,2,5,35,0.0,0.4646,0.3,32.47,6,0.0
8,D14,T86,1,1.424,5.0,5.0,backend,8,7,2,5,2,2,14,38.06,0.8812,5.13,22.05,9,0.0
8,D21,T40,3,1.363,4.282,5.0,backend,1,7,0,4,0,4,32,0.0,0.748,3.5,6.67,0,0.0
8,D27,T55,2,3.152,1.109,5.0,frontend,1,5,1,2,1,6,30,0.0,0.5772,1.97,5.74,0,1.82
8,D8,T57,2,2.215,1.219,2.193,frontend,9,4,1,0,0,3,12,35.35,0.7275,2.49,43.27,2,0.0
8,D26,T13,1,3.154,1.157,4.185,db,6,8,1,0,4,4,24,8.78,0.8553,5.01,35.84,1,0.58
8,D1,T27,3,4.236,5.0,3.167,backend,5,6,0,1,1,6,30,0.0,0.2432,1.0,24.21,2,0.0
8,D18,T92,2,5.0,3.277,4.279,backend,8,2,0,1,0,6,36,0.0,0.3484,0.45,34.07,2,0.0
8,D3,T3,3,5.0,2.031,4.029,db,1,1,0,2,4,5,15,39.5,0.845,0.69,2.82,0,65.15
8,D10,T87,1,4.169,2.189,4.201,backend,2,4,1,1,1,4,16,16.49,0.6028,1.95,6.45,0,26.72
8,D2,T27,2,3.233,3.232,3.29,backend,5,6,0,1,1,3,15,22.69,0.5018,2.47,31.22,4,0.0
8,D16,T58,1,3.061,5.0,2.067,frontend,4,5,3,0,1,2,14,49.17,0.7107,2.96,16.63,4,10.66
8,D29,T28,2,2.302,3.324,1.247,backend,1,7,0,5,0,3,9,66.28,0.6464,4.02,2.8,0,41.7
8,D16,T6,1,3.061,5.0,2.067,db,7,4,0,1,1,1,7,67.18,0.5801,2.12,20.45,0,22.85
8,D24,T36,1,4.249,4.234,4.247,frontend,2,5,1,1,0,1,7,61.69,0.321,1.47,4.72,4,14.2
8,D7,T74,3,5.0,1.397,2.355,db,3,5,0,1,5,1,7,74.28,0.5127,2.34,18.87,0,26.95
8,D24,T61,1,4.249,4.234,4.247,db,5,2,2,0,5,2,16,46.27,0.6305,1.02,31.81,1,5.37
8,D19,T66,1,3.223,5.0,3.235,backend,10,2,1,4,0,1,8,75.07,0.6718,1.21,48.2,7,0.0
8,D20,T88,3,3.052,1.072,2.073,backend,3,6,1,3,0,5,25,0.0,0.6038,2.62,11.92,0,0.0
8,D6,T82,3,3.044,4.062,4.063,frontend,4,1,5,1,2,4,32,0.0,0.5503,0.37,15.06,4,0.0
8,D2,T41,2,3.233,3.232,3.29,db,7,1,0,1,4,3,15,19.1,0.7062,0.58,34.44,3,0.07
8,D22,T42,3,5.0,3.048,5.0,frontend,6,5,4,0,0,2,8,74.05,0.5776,2.6,18.31,1,20.39
8,D16,T12,1,3.061,5.0,2.067,db,3,6,1,1,5,4,20,34.46,0.3862,1.78,7.64,1,32.67
8,D25,T87,3,2.046,4.068,1.084,backend,2,4,1,1,1,4,12,61.75,0.577,1.97,7.92,2,38.02
8,D20,T32,3,3.052,1.072,2.073,backend,5,7,1,4,2,4,16,16.66,0.5438,3.08,14.69,0,17.68
8,D28,T34,3,3.192,1.429,4.326,backend,1,4,1,3,0,1,3,83.49,0.5721,2.2,5.18,0,53.47
8,D3,T88,3,5.0,2.031,4.029,backend,3,6,1,3,0,3,12,46.22,0.5628,2.88,13.95,2,16.41
8,D11,T58,2,4.37,5.0,2.437,frontend,4,5,3,0,1,5,35,0.0,0.5425,1.76,15.68,4,0.0
8,D13,T42,1,2.152,5.0,2.267,frontend,6,5,4,0,0,5,15,10.64,0.4602,1.89,33.99,5,0.0
8,D23,T18,3,3.093,4.166,2.136,db,6,7,1,1,1,1,5,71.05,0.6426,4.22,23.64,0,42.95
8,D19,T39,1,3.223,5.0,3.235,frontend,4,2,3,0,2,4,20,0.0,0.6862,1.06,21.31,3,0.0
8,D27,T85,2,3.152,1.109,5.0,frontend,9,1,4,1,2,4,24,0.0,0.8028,0.59,20.58,2,0.0
8,D27,T92,2,3.152,1.109,5.0,backend,8,2,0,1,0,3,15,28.04,0.6793,1.12,22.92,5,0.0
8,D7,T27,3,5.0,1.397,2.355,backend,5,6,0,1,1,5,35,0.0,0.6617,2.57,39.0,6,0.0
8,D16,T13,1,3.061,5.0,2.067,db,6,8,1,0,4,5,25,0.0,0.4562,2.64,16.79,4,0.0
8,D28,T1,3,3.192,1.429,4.326,frontend,1,3,2,1,2,3,24,0.0,0.7657,1.68,3.21,0,24.49
8,D30,T61,3,1.047,2.043,2.051,db,5,2,2,0,5,4,32,0.0,0.5154,0.69,19.17,3,0.0
8,D2,T33,2,3.233,3.232,3.29,backend,10,3,0,5,2,2,10,52.21,0.5875,1.55,69.73,2,0.0
8,D2,T33,2,3.233,3.232,3.29,backend,10,3,0,5,2,4,24,3.2,0.5875,1.29,72.73,6,0.0
8,D16,T28,1,3.061,5.0,2.067,backend,1,7,0,5,0,6,36,0.0,0.7849,3.53,2.58,0,22.86
8,D13,T97,1,2.152,5.0,2.267,backend,9,2,1,3,0,4,20,22.42,0.6344,0.98,57.72,2,0.0
8,D21,T47,3,1.363,4.282,5.0,backend,9,2,0,5,1,2,10,69.31,0.7257,1.27,36.59,5,0.0
8,D9,T26,3,4.088,4.134,5.0,backend,3,1,1,2,0,5,30,0.0,0.4395,0.3,8.95,3,0.0
8,D5,T18,1,3.316,3.374,2.501,db,6,7,1,1,1,5,20,33.73,0.6317,3.4,5.2,6,8.72
8,D2,T79,2,3.233,3.232,3.29,backend,8,3,1,3,2,1,4,83.8,0.8218,2.34,33.79,1,0.0
8,D19,T100,1,3.223,5.0,3.235,db,3,8,2,0,1,5,30,0.0,0.4451,2.43,6.68,1,0.0
8,D22,T64,3,5.0,3.048,5.0,backend,3,1,0,3,0,3,21,36.61,0.5942,0.45,7.45,1,34.07
8,D5,T81,1,3.316,3.374,2.501,backend,7,1,1,4,0,5,35,0.0,0.734,0.48,27.47,4,0.0
8,D23,T44,3,3.093,4.166,2.136,frontend,3,4,4,0,2,4,28,4.64,0.6788,1.89,14.33,1,16.87
8,D28,T86,3,3.192,1.429,4.326,backend,8,7,2,5,2,2,10,68.83,0.4421,2.72,22.26,6,0.0
8,D19,T68,1,3.223,5.0,3.235,backend,2,3,1,2,1,4,12,43.92,0.4618,1.18,11.26,4,13.2
8,D11,T77,2,4.37,5.0,2.437,frontend,1,2,3,0,2,3,15,15.85,0.5725,0.94,4.29,1,27.37
8,D25,T95,3,2.046,4.068,1.084,backend,8,3,1,3,0,4,16,47.34,0.787,1.91,35.52,7,0.0
8,D21,T53,3,1.363,4.282,5.0,backend,10,4,2,5,1,5,20,38.54,0.762,2.34,58.76,9,0.0
8,D17,T61,3,1.113,4.115,2.113,db,5,2,2,0,5,4,12,38.82,0.4212,0.72,22.89,2,0.0
8,D13,T53,1,2.152,5.0,2.267,backend,10,4,2,5,1,5,35,0.0,0.9544,2.47,42.05,5,0.0
8,D22,T16,3,5.0,3.048,5.0,frontend,3,4,5,2,0,4,28,0.0,0.7976,2.23,12.48,1,11.16
8,D4,T24,1,1.121,4.222,2.208,frontend,1,8,5,2,1,4,32,0.44,0.3872,2.07,4.58,3,0.0
8,D4,T94,1,1.121,4.222,2.208,backend,5,8,2,3,0,3,18,7.81,0.7432,4.69,27.94,4,0.0
9,D2,T90,2,3.26,3.255,3.347,frontend,10,6,3,2,0,1,6,79.99,0.8056,4.47,29.95,4,0.0
9,D23,T13,3,3.129,4.197,2.167,db,6,8,1,0,4,5,25,0.0,0.5063,2.93,31.28,6,0.0
9,D5,T92,1,3.366,3.398,2.585,backend,8,2,0,1,0,5,15,50.77,0.4664,0.77,24.52,3,0.0
9,D26,T23,1,3.172,1.178,4.218,db,6,2,1,1,3,4,16,17.57,0.7798,1.26,16.17,2,23.04
9,D16,T12,1,3.074,5.0,2.069,db,3,6,1,1,5,2,8,58.2,0.3861,2.09,13.92,1,7.05
9,D13,T7,1,2.177,5.0,2.272,backend,5,5,0,3,2,5,15,45.32,0.643,2.64,28.27,1,4.78
9,D19,T75,1,3.247,5.0,3.289,backend,1,5,1,1,1,5,20,15.48,0.339,1.3,3.67,1,19.35
9,D21,T97,3,1.409,4.341,5.0,backend,9,2,1,3,0,2,8,63.28,0.6686,1.21,38.19,0,30.65
9,D11,T94,2,4.408,5.0,2.523,backend,5,8,2,3,0,6,48,0.0,0.5639,2.63,14.56,2,0.0
9,D3,T1,3,5.0,2.04,4.034,frontend,1,3,2,1,2,2,6,76.01,0.527,1.46,4.7,1,45.08
9,D19,T18,1,3.247,5.0,3.289,db,6,7,1,1,1,5,25,0.0,0.4579,2.32,31.66,3,0.0
9,D13,T34,1,2.177,5.0,2.272,backend,1,4,1,3,0,5,35,0.0,0.633,1.64,7.72,0,25.86
9,D23,T74,3,3.129,4.197,2.167,db,3,5,0,1,5,5,40,0.0,0.4063,1.26,5.48,1,14.59
9,D25,T1,3,2.05,4.088,1.092,frontend,1,3,2,1,2,3,24,13.84,0.8124,1.78,5.74,1,50.28
9,D16,T41,1,3.074,5.0,2.069,db,7,1,0,1,4,4,16,15.02,0.4761,0.39,17.98,0,0.0
9,D7,T81,3,5.0,1.456,2.357,backend,7,1,1,4,0,6,48,0.0,0.424,0.25,54.89,5,0.0
9,D13,T93,1,2.177,5.0,2.272,db,8,6,0,0,4,4,12,41.03,0.4773,2.45,33.89,3,0.0
9,D28,T18,3,3.245,1.483,4.405,db,6,7,1,1,1,4,28,0.0,0.4999,2.44,16.01,2,0.0
9,D26,T31,1,3.172,1.178,4.218,backend,4,5,0,4,0,2,16,44.23,0.3762,1.52,14.13,2,10.57
9,D6,T13,3,3.052,4.073,4.072,db,6,8,1,0,4,3,15,24.19,0.7261,4.77,34.56,3,0.0
9,D20,T27,3,3.056,1.08,2.083,backend,5,6,0,1,1,5,30,0.0,0.8051,3.3,21.43,2,0.0
9,D23,T24,3,3.129,4.197,2.167,frontend,1,8,5,2,1,3,21,4.3,0.6306,3.83,6.38,2,13.83
9,D22,T89,3,5.0,3.054,5.0,frontend,6,2,1,0,2,1,3,89.39,0.2773,0.53,18.67,2,3.55
9,D1,T54,3,4.236,5.0,3.205,frontend,5,4,2,2,0,6,18,0.0,0.4855,1.53,24.31,8,0.0
9,D6,T94,3,3.052,4.073,4.072,backend,5,8,2,3,0,2,12,44.35,0.6965,4.76,30.22,3,0.0
9,D23,T78,3,3.129,4.197,2.167,db,8,6,1,1,5,6,24,0.0,0.4363,1.91,53.31,2,0.0
9,D24,T88,1,4.284,4.284,4.253,backend,3,6,1,3,0,1,5,73.5,0.5541,3.12,12.4,1,42.01
9,D6,T22,3,3.052,4.073,4.072,db,2,2,2,0,2,2,6,78.96,0.5161,0.96,11.37,0,38.45
9,D17,T7,3,1.152,4.152,2.155,backend,5,5,0,3,2,2,8,54.26,0.7995,3.6,13.84,2,19.56
9,D28,T38,3,3.245,1.483,4.405,frontend,2,5,1,0,0,1,4,77.66,0.5243,2.49,9.91,0,48.61
9,D1,T92,3,4.236,5.0,3.205,backend,8,2,0,1,0,6,24,0.0,0.212,0.31,63.03,3,0.0
9,D18,T29,2,5.0,3.362,4.368,frontend,7,8,3,1,2,5,35,0.0,0.5709,2.96,30.21,2,0.0
9,D11,T4,2,4.408,5.0,2.523,db,4,3,2,0,1,2,8,54.0,0.495,1.34,18.22,2,0.0
9,D27,T63,2,3.183,1.135,5.0,db,5,6,0,0,2,1,4,84.07,0.4878,2.78,29.86,2,0.0
9,D17,T62,3,1.152,4.152,2.155,frontend,2,1,4,0,0,1,4,77.3,0.386,0.37,4.62,0,48.66
9,D13,T98,1,2.177,5.0,2.272,backend,1,7,0,1,2,6,36,0.0,0.403,1.81,7.85,0,0.0
9,D12,T39,2,4.419,4.429,1.381,frontend,4,2,3,0,2,3,12,37.82,0.5897,1.01,18.31,1,29.12
9,D14,T52,1,1.498,5.0,5.0,frontend,9,7,1,1,0,6,18,40.1,0.5902,3.26,38.47,3,0.0
9,D21,T30,3,1.409,4.341,5.0,frontend,6,1,1,1,1,3,9,49.1,0.6639,0.59,20.57,2,21.55
9,D9,T17,3,4.091,4.137,5.0,db,2,1,2,1,2,5,35,0.0,0.4204,0.27,15.47,0,0.0
9,D16,T71,1,3.074,5.0,2.069,frontend,4,8,2,0,1,6,42,0.0,0.589,2.87,5.98,2,0.0
9,D15,T65,1,4.203,3.332,3.298,frontend,4,6,2,2,2,2,12,39.95,0.6301,3.23,26.1,1,0.0
9,D7,T42,3,5.0,1.456,2.357,frontend,6,5,4,0,0,5,35,0.0,0.7365,2.39,42.98,2,0.0
9,D22,T83,3,5.0,3.054,5.0,db,6,2,2,1,1,6,48,0.0,0.3273,0.38,36.56,5,0.0
9,D14,T10,1,1.498,5.0,5.0,frontend,2,8,3,0,0,1,3,85.16,0.4198,3.23,5.04,1,40.34
9,D12,T77,2,4.419,4.429,1.381,frontend,1,2,3,0,2,5,15,52.23,0.5897,0.97,4.64,1,42.72
9,D29,T87,2,2.401,3.342,1.335,backend,2,4,1,1,1,3,12,60.53,0.6389,2.18,8.26,1,46.3
9,D26,T25,1,3.172,1.178,4.218,frontend,4,6,4,0,1,2,6,72.53,0.7452,4.14,22.27,1,38.4
9,D16,T4,1,3.074,5.0,2.069,db,4,3,2,0,1,5,30,0.0,0.5895,1.21,24.98,1,0.0
9,D10,T23,1,4.174,2.217,4.237,db,6,2,1,1,3,5,15,37.38,0.6955,1.14,12.15,0,55.04
9,D21,T56,3,1.409,4.341,5.0,backend,8,4,1,2,1,3,12,46.43,0.5786,1.98,21.25,0,20.32
9,D21,T89,3,1.409,4.341,5.0,frontend,6,2,1,0,2,2,6,65.77,0.6439,1.19,5.86,2,48.74
9,D7,T69,3,5.0,1.456,2.357,backend,3,7,0,4,1,3,15,14.87,0.404,2.32,17.16,0,6.62
9,D8,T90,2,2.268,1.239,2.225,frontend,10,6,3,2,0,6,18,0.0,0.8074,3.82,15.05,2,4.28
9,D15,T26,1,4.203,3.332,3.298,backend,3,1,1,2,0,3,9,64.1,0.5811,0.52,8.71,0,38.1
9,D24,T35,1,4.284,4.284,4.253,frontend,3,3,1,1,2,5,35,0.0,0.3741,0.73,16.2,2,0.0
9,D22,T31,3,5.0,3.054,5.0,backend,4,5,0,4,0,2,16,5.03,0.4865,1.97,20.94,4,0.0
9,D12,T78,2,4.419,4.429,1.381,db,8,6,1,1,5,5,25,0.0,0.2917,1.26,42.54,6,0.0
9,D13,T47,1,2.177,5.0,2.272,backend,9,2,0,5,1,5,40,0.0,0.853,1.06,41.0,7,0.0
9,D3,T3,3,5.0,2.04,4.034,db,1,1,0,2,4,6,48,0.0,0.8439,0.49,5.14,0,28.75
9,D23,T100,3,3.129,4.197,2.167,db,3,8,2,0,1,5,30,0.0,0.6162,3.36,19.19,1,0.0
9,D25,T66,3,2.05,4.088,1.092,backend,10,2,1,4,0,1,8,54.25,0.9042,1.63,21.99,1,44.86
9,D15,T87,1,4.203,3.332,3.298,backend,2,4,1,1,1,3,9,64.07,0.4911,1.75,10.57,1,23.02
9,D19,T95,1,3.247,5.0,3.289,backend,8,3,1,3,0,1,5,74.49,0.549,1.54,46.08,3,0.0
9,D2,T91,2,3.26,3.255,3.347,db,3,1,0,2,2,4,20,0.0,0.6778,0.52,8.18,1,3.32
9,D25,T8,3,2.05,4.088,1.092,db,4,8,2,0,4,1,5,84.52,0.4451,3.34,16.26,1,12.02
9,D18,T71,2,5.0,3.362,4.368,frontend,4,8,2,0,1,4,12,45.16,0.3709,2.54,23.52,2,0.0
9,D21,T24,3,1.409,4.341,5.0,frontend,1,8,5,2,1,3,21,34.3,0.332,2.02,6.12,1,11.52
9,D8,T56,2,2.268,1.239,2.225,backend,8,4,1,2,1,5,30,0.0,0.8085,2.21,37.45,5,0.0
9,D27,T100,2,3.183,1.135,5.0,db,3,8,2,0,1,5,40,0.0,0.4278,2.12,10.83,6,0.0
9,D13,T58,1,2.177,5.0,2.272,frontend,4,5,3,0,1,6,18,0.0,0.6131,2.42,12.18,5,0.0
9,D17,T57,3,1.152,4.152,2.155,frontend,9,4,1,0,0,5,25,10.38,0.7095,2.05,55.55,4,0.0
9,D24,T13,1,4.284,4.284,4.253,db,6,8,1,0,4,4,16,16.99,0.6569,4.26,14.51,6,0.0
9,D17,T66,3,1.152,4.152,2.155,backend,10,2,1,4,0,6,24,0.0,0.9095,1.33,36.0,4,0.0
9,D22,T98,3,5.0,3.054,5.0,backend,1,7,0,1,2,3,21,27.53,0.4135,2.2,2.69,0,43.3
9,D14,T10,1,1.498,5.0,5.0,frontend,2,8,3,0,0,6,36,0.0,0.4198,2.16,3.92,0,1.45
9,D27,T4,2,3.183,1.135,5.0,db,4,3,2,0,1,5,40,0.0,0.4278,0.79,32.2,4,0.0
9,D30,T73,3,1.056,2.048,2.055,frontend,3,8,2,0,1,2,10,64.0,0.7527,5.28,10.14,2,33.29
9,D29,T53,2,2.401,3.342,1.335,backend,10,4,2,5,1,6,18,36.74,0.7709,2.43,31.71,5,0.0
9,D13,T24,1,2.177,5.0,2.272,frontend,1,8,5,2,1,2,8,55.53,0.4731,3.41,5.63,0,56.9
9,D21,T90,3,1.409,4.341,5.0,frontend,10,6,3,2,0,5,35,0.0,0.542,2.11,70.41,4,0.0
9,D10,T9,1,4.174,2.217,4.237,backend,8,4,0,3,0,5,40,0.0,0.5702,1.41,23.27,2,0.0
9,D16,T70,1,3.074,5.0,2.069,db,10,3,1,0,2,4,24,26.83,0.6795,1.49,63.31,1,0.0
9,D6,T35,3,3.052,4.073,4.072,frontend,3,3,1,1,2,4,16,31.28,0.538,1.31,20.14,3,0.0
9,D14,T79,1,1.498,5.0,5.0,backend,8,3,1,3,2,3,18,35.04,0.6451,1.53,32.07,2,0.0
9,D20,T100,3,3.056,1.08,2.083,db,3,8,2,0,1,3,12,41.72,0.7844,5.36,7.82,0,45.15
9,D4,T14,1,1.169,4.237,2.248,db,1,5,2,0,1,5,40,0.0,0.6135,1.9,3.36,0,16.13
9,D3,T46,3,5.0,2.04,4.034,db,2,7,0,0,5,1,8,68.52,0.6321,3.99,15.37,0,26.24
9,D6,T37,3,3.052,4.073,4.072,backend,10,2,2,4,1,2,16,9.83,0.8465,1.37,25.89,5,0.0
9,D24,T97,1,4.284,4.284,4.253,backend,9,2,1,3,0,5,15,36.78,0.5541,0.91,24.81,5,0.0
9,D8,T79,2,2.268,1.239,2.225,backend,8,3,1,3,2,2,14,40.67,0.7185,1.79,34.71,3,0.0
9,D23,T50,3,3.129,4.197,2.167,db,10,2,0,0,2,4,24,0.0,0.6762,0.99,33.51,9,0.0
9,D11,T89,2,4.408,5.0,2.523,frontend,6,2,1,0,2,3,18,30.01,0.3253,0.51,23.06,3,0.0
9,D26,T42,1,3.172,1.178,4.218,frontend,6,5,4,0,0,1,4,79.08,0.7152,3.4,30.6,2,4.84
9,D25,T60,3,2.05,4.088,1.092,frontend,5,7,2,2,0,4,28,0.0,0.8568,4.19,15.79,3,0.0
9,D4,T47,1,1.169,4.237,2.248,backend,9,2,0,5,1,4,24,0.0,0.8125,1.19,59.46,9,0.0
9,D8,T65,2,2.268,1.239,2.225,frontend,4,6,2,2,2,2,12,37.46,0.923,4.73,9.88,5,37.3
9,D2,T87,2,3.26,3.255,3.347,backend,2,4,1,1,1,5,40,0.0,0.546,1.35,16.71,1,0.0
9,D3,T32,3,5.0,2.04,4.034,backend,5,7,1,4,2,1,3,87.08,0.5038,3.39,15.46,0,31.9
9,D15,T23,1,4.203,3.332,3.298,db,6,2,1,1,3,4,28,2.84,0.7516,1.05,36.3,5,0.0
9,D17,T79,3,1.152,4.152,2.155,backend,8,3,1,3,2,6,18,0.0,0.8495,2.01,17.25,6,0.0
9,D23,T60,3,3.129,4.197,2.167,frontend,5,7,2,2,0,6,18,28.48,0.6897,3.81,26.65,3,0.0
9,D13,T95,1,2.177,5.0,2.272,backend,8,3,1,3,0,3,24,9.31,0.633,1.39,45.0,2,0.0
9,D22,T34,3,5.0,3.054,5.0,backend,1,4,1,3,0,5,25,0.0,0.6435,1.86,4.31,0,0.0
9,D5,T82,1,3.366,3.398,2.585,frontend,4,1,5,1,2,4,20,0.0,0.6665,0.51,10.12,5,0.0
9,D23,T22,3,3.129,4.197,2.167,db,2,2,2,0,2,3,12,58.06,0.7362,1.26,8.62,0,45.52
9,D4,T21,1,1.169,4.237,2.248,frontend,4,1,4,2,2,5,20,0.0,0.541,0.42,10.23,1,0.0
9,D28,T93,3,3.245,1.483,4.405,db,8,6,0,0,4,1,6,72.3,0.7799,4.33,24.08,4,0.0
9,D12,T80,2,4.419,4.429,1.381,frontend,2,2,1,2,0,1,4,78.67,0.4268,0.81,9.96,2,16.08
9,D15,T69,1,4.203,3.332,3.298,backend,3,7,0,4,1,3,12,40.86,0.6408,3.83,15.89,4,5.78
9,D19,T100,1,3.247,5.0,3.289,db,3,8,2,0,1,1,8,71.65,0.4379,3.16,13.95,4,11.54
9,D22,T49,3,5.0,3.054,5.0,frontend,4,4,5,1,2,2,10,65.19,0.8073,2.83,7.29,1,45.2
9,D20,T37,3,3.056,1.08,2.083,backend,10,2,2,4,1,5,15,13.83,0.5643,0.93,22.92,3,0.0
9,D24,T49,1,4.284,4.284,4.253,frontend,4,4,5,1,2,1,3,90.55,0.6823,2.63,12.01,3,46.16
9,D22,T43,3,5.0,3.054,5.0,db,9,7,2,1,5,3,12,31.97,0.8073,4.83,30.11,6,0.0
9,D23,T100,3,3.129,4.197,2.167,db,3,8,2,0,1,5,20,0.0,0.6162,3.79,10.85,2,0.0
9,D8,T8,2,2.268,1.239,2.225,db,4,8,2,0,4,4,24,23.47,0.717,4.2,11.74,2,13.25
9,D16,T23,1,3.074,5.0,2.069,db,6,2,1,1,3,4,32,0.0,0.6261,0.84,26.74,6,0.0
9,D22,T80,3,5.0,3.054,5.0,frontend,2,2,1,2,0,1,8,57.5,0.3173,0.57,7.29,0,37.59
9,D6,T12,3,3.052,4.073,4.072,db,3,6,1,1,5,4,16,7.38,0.6734,3.27,15.72,0,26.92
9,D4,T80,1,1.169,4.237,2.248,frontend,2,2,1,2,0,5,30,0.0,0.8004,1.09,2.91,2,12.39
9,D13,T69,1,2.177,5.0,2.272,backend,3,7,0,4,1,5,40,0.0,0.733,3.18,14.7,2,2.59
9,D19,T6,1,3.247,5.0,3.289,db,7,4,0,1,1,5,25,0.0,0.4279,1.24,28.1,7,0.0
9,D21,T37,3,1.409,4.341,5.0,backend,10,2,2,4,1,3,18,0.0,0.8095,1.28,37.19,4,0.0
9,D30,T22,3,1.056,2.048,2.055,db,2,2,2,0,2,2,12,42.08,0.8627,1.47,7.98,0,58.76
9,D29,T38,2,2.401,3.342,1.335,frontend,2,5,1,0,0,2,8,65.2,0.6247,2.82,2.83,0,42.63
9,D6,T31,3,3.052,4.073,4.072,backend,4,5,0,4,0,5,30,4.22,0.7165,2.44,14.88,2,3.13
9,D11,T48,2,4.408,5.0,2.523,db,8,8,0,2,1,1,8,63.03,0.535,3.86,43.88,2,0.0
9,D19,T51,1,3.247,5.0,3.289,backend,10,4,0,1,2,4,32,0.0,0.319,0.85,38.62,3,0.0
9,D28,T23,3,3.245,1.483,4.405,db,6,2,1,1,3,6,42,0.0,0.7399,0.9,19.7,4,0.0
9,D4,T76,1,1.169,4.237,2.248,backend,9,2,2,3,2,1,5,83.04,0.8026,1.51,30.39,2,11.14
9,D22,T59,3,5.0,3.054,5.0,backend,3,8,1,2,2,3,24,0.0,0.5835,3.41,13.0,3,0.0
9,D9,T68,3,4.091,4.137,5.0,backend,2,3,1,2,1,6,24,10.88,0.469,1.03,8.83,0,34.77
9,D17,T68,3,1.152,4.152,2.155,backend,2,3,1,2,1,3,21,33.77,0.6995,1.59,5.18,1,39.57
9,D15,T57,1,4.203,3.332,3.298,frontend,9,4,1,0,0,2,12,34.13,0.3501,1.2,49.7,9,0.0
9,D22,T100,3,5.0,3.054,5.0,db,3,8,2,0,1,1,8,62.54,0.2773,2.0,9.46,2,21.32
9,D3,T2,3,5.0,2.04,4.034,db,8,3,0,1,3,2,12,40.26,0.6739,1.73,20.98,0,31.11
9,D24,T1,1,4.284,4.284,4.253,frontend,1,3,2,1,2,3,12,62.33,0.4941,1.27,1.65,1,56.64
9,D20,T34,3,3.056,1.08,2.083,backend,1,4,1,3,0,4,12,38.96,0.6043,2.07,7.83,0,33.61
9,D25,T50,3,2.05,4.088,1.092,db,10,2,0,0,2,6,48,0.0,0.6251,0.73,32.53,2,0.0
9,D3,T93,3,5.0,2.04,4.034,db,8,6,0,0,4,3,21,36.34,0.7439,3.39,29.58,1,7.63
9,D9,T13,3,4.091,4.137,5.0,db,6,8,1,0,4,5,30,0.0,0.5804,3.17,52.03,1,0.0
9,D12,T3,2,4.419,4.429,1.381,db,1,1,0,2,4,2,8,70.49,0.4317,0.39,3.77,0,49.52
9,D29,T87,2,2.401,3.342,1.335,backend,2,4,1,1,1,2,16,22.27,0.6389,2.07,10.74,1,31.75
9,D6,T17,3,3.052,4.073,4.072,db,2,1,2,1,2,2,12,35.51,0.5661,0.48,6.59,1,42.24
9,D15,T46,1,4.203,3.332,3.298,db,2,7,0,0,5,4,12,61.27,0.5031,3.01,10.12,2,25.6
9,D16,T46,1,3.074,5.0,2.069,db,2,7,0,0,5,3,15,40.92,0.3061,1.76,8.61,2,34.03
9,D2,T60,2,3.26,3.255,3.347,frontend,5,7,2,2,0,6,48,0.0,0.6856,2.8,25.06,2,0.0
9,D22,T69,3,5.0,3.054,5.0,backend,3,7,0,4,1,3,21,0.0,0.5165,2.74,11.39,1,0.0
9,D23,T58,3,3.129,4.197,2.167,frontend,4,5,3,0,1,5,15,15.24,0.7397,3.04,28.28,2,0.0
9,D29,T7,2,2.401,3.342,1.335,backend,5,5,0,3,2,4,12,41.14,0.819,3.5,24.98,1,9.4
9,D20,T52,3,3.056,1.08,2.083,frontend,9,7,1,1,0,4,24,0.0,0.6868,3.52,6.43,6,0.0
9,D3,T44,3,5.0,2.04,4.034,frontend,3,4,4,0,2,2,10,61.39,0.717,2.52,7.95,1,62.59
9,D1,T28,3,4.236,5.0,3.205,backend,1,7,0,5,0,1,7,77.83,0.692,4.42,3.5,1,71.58
9,D13,T30,1,2.177,5.0,2.272,frontend,6,1,1,1,1,1,8,64.2,0.6206,0.56,14.22,1,35.33
9,D17,T76,3,1.152,4.152,2.155,backend,9,2,2,3,2,5,25,0.0,0.8147,1.18,39.23,5,0.0
9,D22,T90,3,5.0,3.054,5.0,frontend,10,6,3,2,0,3,21,27.07,0.5573,2.54,55.71,3,0.0
9,D8,T44,2,2.268,1.239,2.225,frontend,3,4,4,0,2,2,8,74.62,0.7235,2.61,4.57,2,39.46
9,D25,T72,3,2.05,4.088,1.092,db,3,7,2,2,4,2,14,17.4,0.5451,3.17,9.74,1,17.1
9,D3,T75,3,5.0,2.04,4.034,backend,1,5,1,1,1,2,16,25.56,0.5842,2.37,3.92,0,55.62
9,D8,T15,2,2.268,1.239,2.225,backend,5,6,0,1,1,1,7,61.99,0.8212,4.5,9.91,0,56.21
9,D13,T22,1,2.177,5.0,2.272,db,2,2,2,0,2,2,8,61.05,0.712,1.28,8.89,0,40.24
9,D16,T36,1,3.074,5.0,2.069,frontend,2,5,1,1,0,2,10,55.91,0.4891,2.15,5.55,0,55.29
9,D14,T71,1,1.498,5.0,5.0,frontend,4,8,2,0,1,1,6,81.2,0.5698,4.22,14.89,2,20.35
9,D18,T3,2,5.0,3.362,4.368,db,1,1,0,2,4,3,15,22.77,0.7377,0.61,2.67,1,44.19
9,D14,T87,1,1.498,5.0,5.0,backend,2,4,1,1,1,4,20,10.76,0.3751,1.15,10.48,1,5.48
9,D20,T86,3,3.056,1.08,2.083,backend,8,7,2,5,2,3,18,13.03,0.4743,2.62,29.34,2,0.0
9,D7,T88,3,5.0,1.456,2.357,backend,3,6,1,3,0,6,48,0.0,0.544,1.9,22.38,5,0.0
9,D5,T75,1,3.366,3.398,2.585,backend,1,5,1,1,1,5,20,25.71,0.5464,2.1,2.57,2,39.66
9,D24,T96,1,4.284,4.284,4.253,frontend,5,3,4,0,0,2,16,45.36,0.6241,1.52,14.19,2,36.95
9,D20,T16,3,3.056,1.08,2.083,frontend,3,4,5,2,0,5,30,0.0,0.6582,1.8,6.88,3,0.0
9,D16,T55,1,3.074,5.0,2.069,frontend,1,5,1,2,1,4,24,0.0,0.5691,2.08,3.3,0,8.35
9,D8,T96,2,2.268,1.239,2.225,frontend,5,3,4,0,0,2,8,65.37,0.6635,1.79,6.26,6,32.96
9,D23,T57,3,3.129,4.197,2.167,frontend,9,4,1,0,0,4,20,26.79,0.4697,1.44,56.97,6,0.0
9,D7,T12,3,5.0,1.456,2.357,db,3,6,1,1,5,6,42,0.0,0.54,1.97,15.68,3,0.0
9,D6,T25,3,3.052,4.073,4.072,frontend,4,6,4,0,1,1,3,88.1,0.5904,3.41,26.33,1,29.37
9,D26,T59,1,3.172,1.178,4.218,backend,3,8,1,2,2,1,7,61.8,0.7262,5.31,14.42,0,48.08
9,D27,T77,2,3.183,1.135,5.0,frontend,1,2,3,0,2,1,7,63.56,0.8313,1.52,4.81,0,71.88
9,D29,T61,2,2.401,3.342,1.335,db,5,2,2,0,5,2,10,60.96,0.3811,0.67,10.23,2,12.17
9,D20,T45,3,3.056,1.08,2.083,frontend,7,5,2,0,2,5,30,0.0,0.8168,2.79,28.64,6,0.0
9,D26,T12,1,3.172,1.178,4.218,db,3,6,1,1,5,1,3,87.54,0.8321,4.81,7.43,2,43.51
9,D19,T35,1,3.247,5.0,3.289,frontend,3,3,1,1,2,6,48,0.0,0.4917,0.86,17.41,2,0.0
9,D23,T64,3,3.129,4.197,2.167,backend,3,1,0,3,0,6,36,0.0,0.6349,0.41,11.12,2,0.0
9,D13,T76,1,2.177,5.0,2.272,backend,9,2,2,3,2,2,8,67.53,0.743,1.34,48.37,4,0.0
9,D6,T89,3,3.052,4.073,4.072,frontend,6,2,1,0,2,1,4,85.35,0.4879,0.93,18.19,2,5.2
9,D12,T30,2,4.419,4.429,1.381,frontend,6,1,1,1,1,5,30,0.0,0.4068,0.28,33.79,0,0.0
9,D25,T43,3,2.05,4.088,1.092,db,9,7,2,1,5,4,28,0.0,0.3751,1.83,55.4,5,0.0
9,D26,T64,1,3.172,1.178,4.218,backend,3,1,0,3,0,3,15,45.35,0.4962,0.41,8.82,0,29.53
9,D29,T76,2,2.401,3.342,1.335,backend,9,2,2,3,2,6,48,0.0,0.919,1.07,31.0,5,0.0
9,D24,T39,1,4.284,4.284,4.253,frontend,4,2,3,0,2,5,35,0.0,0.5641,0.73,16.28,3,0.0
9,D12,T88,2,4.419,4.429,1.381,backend,3,6,1,3,0,3,15,14.49,0.6161,3.03,19.31,3,0.0
9,D10,T18,1,4.174,2.217,4.237,db,6,7,1,1,1,5,40,0.0,0.4555,1.97,26.45,11,0.0
9,D21,T23,3,1.409,4.341,5.0,db,6,2,1,1,3,3,21,29.57,0.5807,0.88,40.55,2,0.0
9,D17,T71,3,1.152,4.152,2.155,frontend,4,8,2,0,1,1,4,85.51,0.656,4.99,1.36,2,79.13
9,D20,T80,3,3.056,1.08,2.083,frontend,2,2,1,2,0,6,42,0.0,0.6448,0.79,6.05,1,6.45
9,D18,T34,2,5.0,3.362,4.368,backend,1,4,1,3,0,6,18,9.87,0.6255,1.97,4.66,2,23.14
9,D29,T2,2,2.401,3.342,1.335,db,8,3,0,1,3,3,12,58.02,0.6111,1.57,27.18,6,0.0
9,D14,T20,1,1.498,5.0,5.0,db,2,1,2,0,4,3,12,50.65,0.6149,0.53,7.38,0,29.66
9,D4,T13,1,1.169,4.237,2.248,db,6,8,1,0,4,6,48,0.0,0.5728,2.67,35.32,6,0.0
9,D11,T4,2,4.408,5.0,2.523,db,4,3,2,0,1,5,15,52.26,0.495,1.22,19.34,8,0.0
10,D13,T94,1,2.242,5.0,2.325,backend,5,8,2,3,0,5,40,0.0,0.6782,3.36,18.53,5,0.0
10,D30,T48,3,1.059,2.054,2.057,db,8,8,0,2,1,5,20,9.41,0.8387,5.16,52.27,7,0.0
10,D16,T1,1,3.076,5.0,2.082,frontend,1,3,2,1,2,2,14,27.43,0.6684,1.67,2.61,0,52.3
10,D16,T50,1,3.076,5.0,2.082,db,10,2,0,0,2,4,24,26.13,0.6479,0.95,45.15,6,0.0
10,D1,T92,3,4.255,5.0,3.228,backend,8,2,0,1,0,6,48,0.0,0.2104,0.25,34.54,2,0.0
10,D7,T67,3,5.0,1.525,2.369,backend,5,6,2,5,0,2,12,61.63,0.3619,1.86,35.14,5,0.0
10,D3,T63,3,5.0,2.044,4.037,db,5,6,0,0,2,1,6,80.93,0.5034,2.8,43.38,2,0.0
10,D18,T77,2,5.0,3.4,4.42,frontend,1,2,3,0,2,5,25,0.0,0.5174,0.75,3.72,0,0.0
10,D14,T16,1,1.531,5.0,5.0,frontend,3,4,5,2,0,2,14,28.66,0.2837,0.94,6.88,1,24.58
10,D27,T10,2,3.19,1.153,5.0,frontend,2,8,3,0,0,2,8,70.99,0.7695,5.55,8.13,0,68.48
10,D7,T75,3,5.0,1.525,2.369,backend,1,5,1,1,1,2,14,30.15,0.6959,2.89,3.94,0,39.79
10,D1,T70,3,4.255,5.0,3.228,db,10,3,1,0,2,1,8,73.08,0.505,1.37,59.7,6,0.0
10,D4,T66,1,1.186,4.271,2.25,backend,10,2,1,4,0,6,42,0.0,0.8907,1.09,57.32,5,0.0
10,D30,T4,3,1.059,2.054,2.057,db,4,3,2,0,1,5,40,0.0,0.7422,1.38,25.95,1,0.0
10,D18,T78,2,5.0,3.4,4.42,db,8,6,1,1,5,5,35,0.0,0.6904,2.68,29.94,4,0.0
10,D9,T48,3,4.099,4.161,5.0,db,8,8,0,2,1,4,20,19.87,0.289,1.78,64.88,8,0.0
10,D14,T15,1,1.531,5.0,5.0,backend,5,6,0,1,1,5,15,12.43,0.3234,1.59,16.88,4,0.0
10,D12,T20,2,4.488,4.479,1.421,db,2,1,2,0,4,6,18,28.07,0.3919,0.31,7.14,0,30.93
10,D29,T73,2,2.488,3.442,1.424,frontend,3,8,2,0,1,5,25,2.34,0.7566,4.37,15.59,1,11.6
10,D22,T36,3,5.0,3.056,5.0,frontend,2,5,1,1,0,3,15,34.71,0.2672,1.1,10.64,1,27.95
10,D16,T14,1,3.076,5.0,2.082,db,1,5,2,0,1,5,30,0.0,0.5879,2.01,8.19,0,3.73
10,D13,T97,1,2.242,5.0,2.325,backend,9,2,1,3,0,2,12,29.07,0.6281,1.07,26.55,3,0.0
10,D2,T51,2,3.305,3.281,3.348,backend,10,4,0,1,2,6,36,0.0,0.5206,1.34,65.53,3,0.0
10,D16,T14,1,3.076,5.0,2.082,db,1,5,2,0,1,6,24,0.0,0.5879,2.15,4.12,0,11.79
10,D15,T40,1,4.217,3.353,3.311,backend,1,7,0,4,0,1,3,86.19,0.6122,4.12,4.79,1,49.9
10,D29,T14,2,2.488,3.442,1.424,db,1,5,2,0,1,2,12,34.52,0.7624,3.26,2.14,1,57.16
10,D29,T50,2,2.488,3.442,1.424,db,10,2,0,0,2,6,30,3.63,0.6841,0.93,54.11,6,0.0
10,D14,T15,1,1.531,5.0,5.0,backend,5,6,0,1,1,1,8,52.02,0.3234,1.75,6.2,2,27.87
10,D22,T32,3,5.0,3.056,5.0,backend,5,7,1,4,2,5,35,0.0,0.5967,2.71,9.54,3,0.0
10,D23,T43,3,3.152,4.226,2.17,db,9,7,2,1,5,6,30,9.32,0.4645,2.22,52.77,8,0.0
10,D5,T60,1,3.404,3.405,2.655,frontend,5,7,2,2,0,2,14,24.43,0.6816,3.97,21.87,0,4.67
10,D29,T77,2,2.488,3.442,1.424,frontend,1,2,3,0,2,6,18,2.58,0.7492,1.18,3.92,1,23.13
10,D1,T9,3,4.255,5.0,3.228,backend,8,4,0,3,0,4,28,0.0,0.4504,1.26,46.35,4,0.0
10,D8,T29,2,2.322,1.269,2.279,frontend,7,8,3,1,2,5,30,0.0,0.8968,4.9,20.65,2,0.0
10,D7,T23,3,5.0,1.525,2.369,db,6,2,1,1,3,3,24,0.0,0.778,1.14,17.74,7,0.0
10,D2,T63,2,3.305,3.281,3.348,db,5,6,0,0,2,1,8,53.41,0.575,3.11,26.35,5,0.0
10,D24,T31,1,4.344,4.352,4.328,backend,4,5,0,4,0,5,15,26.26,0.6107,2.51,10.07,2,24.8
10,D23,T54,3,3.152,4.226,2.17,frontend,5,4,2,2,0,1,4,83.18,0.6854,2.6,19.84,0,39.62
10,D15,T12,1,4.217,3.353,3.311,db,3,6,1,1,5,2,12,45.82,0.5832,2.99,7.08,1,36.16
10,D16,T63,1,3.076,5.0,2.082,db,5,6,0,0,2,3,21,14.57,0.6479,2.95,28.64,0,0.0
10,D20,T32,3,3.059,1.095,2.089,backend,5,7,1,4,2,4,24,0.0,0.5458,2.79,17.1,1,0.0
10,D21,T35,3,1.482,4.407,5.0,frontend,3,3,1,1,2,1,5,84.07,0.6818,1.92,10.06,1,39.9
10,D24,T49,1,4.344,4.352,4.328,frontend,4,4,5,1,2,3,24,0.0,0.6838,2.0,15.7,2,0.0
10,D4,T95,1,1.186,4.271,2.25,backend,8,3,1,3,0,3,21,0.14,0.7707,1.76,35.05,4,0.0
10,D2,T87,2,3.305,3.281,3.348,backend,2,4,1,1,1,1,3,82.77,0.5406,2.08,13.84,2,32.21
10,D15,T85,1,4.217,3.353,3.311,frontend,9,1,4,1,2,5,20,28.62,0.817,0.63,36.67,2,0.0
10,D2,T66,2,3.305,3.281,3.348,backend,10,2,1,4,0,6,30,3.47,0.698,0.95,42.57,2,0.0
10,D23,T85,3,3.152,4.226,2.17,frontend,9,1,4,1,2,2,8,53.35,0.7318,0.66,12.35,1,41.05
10,D11,T16,2,4.464,5.0,2.604,frontend,3,4,5,2,0,4,16,45.82,0.7076,2.29,19.14,1,34.58
10,D6,T63,3,3.066,4.078,4.084,db,5,6,0,0,2,2,8,61.98,0.454,2.46,30.38,3,0.0
10,D13,T37,1,2.242,5.0,2.325,backend,10,2,2,4,1,5,30,0.0,0.8281,1.13,56.46,4,0.0
10,D25,T30,3,2.052,4.101,1.098,frontend,6,1,1,1,1,5,20,25.85,0.7158,0.55,1.0,0,71.49
10,D23,T1,3,3.152,4.226,2.17,frontend,1,3,2,1,2,2,16,16.08,0.6954,1.69,2.61,0,32.08
10,D18,T68,2,5.0,3.4,4.42,backend,2,3,1,2,1,3,15,19.76,0.5294,1.3,6.42,0,41.49
10,D30,T64,3,1.059,2.054,2.057,backend,3,1,0,3,0,5,40,0.0,0.7718,0.48,12.62,0,0.0
10,D2,T10,2,3.305,3.281,3.348,frontend,2,8,3,0,0,1,8,60.39,0.6989,5.04,6.29,0,51.92
10,D29,T75,2,2.488,3.442,1.424,backend,1,5,1,1,1,4,20,39.12,0.6198,2.38,2.4,0,48.57
10,D12,T79,2,4.488,4.479,1.421,backend,8,3,1,3,2,3,9,59.83,0.6307,1.68,54.63,5,0.0
10,D7,T70,3,5.0,1.525,2.369,db,10,3,1,0,2,5,20,0.0,0.7595,1.75,79.67,7,0.0
10,D20,T58,3,3.059,1.095,2.089,frontend,4,5,3,0,1,1,3,82.46,0.9055,4.36,16.41,4,24.84
10,D4,T20,1,1.186,4.271,2.25,db,2,1,2,0,4,3,15,48.71,0.552,0.45,10.89,2,7.06
10,D23,T4,3,3.152,4.226,2.17,db,4,3,2,0,1,1,3,83.36,0.6137,1.77,23.63,1,14.11
10,D12,T78,2,4.488,4.479,1.421,db,8,6,1,1,5,6,18,15.12,0.2919,1.38,54.55,4,0.0
10,D20,T27,3,3.059,1.095,2.089,backend,5,6,0,1,1,5,20,36.7,0.803,3.7,12.01,0,21.7
10,D12,T63,2,4.488,4.479,1.421,db,5,6,0,0,2,4,16,14.71,0.5719,2.78,21.04,1,2.55
10,D14,T35,1,1.531,5.0,5.0,frontend,3,3,1,1,2,5,40,0.0,0.6463,1.2,16.54,4,0.0
10,D11,T20,2,4.464,5.0,2.604,db,2,1,2,0,4,5,35,0.0,0.5086,0.33,11.85,4,0.0
10,D4,T63,1,1.186,4.271,2.25,db,5,6,0,0,2,1,7,66.76,0.7209,3.95,21.54,3,13.61
10,D23,T82,3,3.152,4.226,2.17,frontend,4,1,5,1,2,2,6,77.75,0.6118,0.57,25.21,1,22.28
10,D9,T32,3,4.099,4.161,5.0,backend,5,7,1,4,2,6,18,15.58,0.7357,4.06,25.25,2,0.9
10,D19,T16,1,3.278,5.0,3.296,frontend,3,4,5,2,0,5,15,28.16,0.5445,1.79,23.42,0,0.0
10,D20,T82,3,3.059,1.095,2.089,frontend,4,1,5,1,2,3,21,9.96,0.7597,0.58,10.69,1,30.59
10,D23,T76,3,3.152,4.226,2.17,backend,9,2,2,3,2,6,24,26.25,0.7902,1.16,33.03,9,0.0
10,D5,T76,1,3.404,3.405,2.655,backend,9,2,2,3,2,1,8,66.15,0.8616,1.55,26.33,5,9.07
10,D21,T69,3,1.482,4.407,5.0,backend,3,7,0,4,1,4,32,0.0,0.7571,3.54,14.97,6,0.0
10,D6,T93,3,3.066,4.078,4.084,db,8,6,0,0,4,5,15,32.23,0.694,3.42,36.25,4,0.0
10,D7,T9,3,5.0,1.525,2.369,backend,8,4,0,3,0,2,6,74.65,0.5019,1.86,50.29,3,0.0
10,D4,T91,1,1.186,4.271,2.25,db,3,1,0,2,2,3,21,0.0,0.8209,0.62,8.07,2,13.06
10,D18,T73,2,5.0,3.4,4.42,frontend,3,8,2,0,1,1,3,83.41,0.3674,2.83,9.76,1,15.81
10,D9,T55,3,4.099,4.161,5.0,frontend,1,5,1,2,1,1,4,81.36,0.4001,1.9,3.74,0,54.05
10,D2,T74,2,3.305,3.281,3.348,db,3,5,0,1,5,6,48,0.0,0.5886,1.72,12.89,4,0.0
10,D29,T40,2,2.488,3.442,1.424,backend,1,7,0,4,0,5,30,0.0,0.7659,3.66,4.21,0,42.05
10,D8,T75,2,2.322,1.269,2.279,backend,1,5,1,1,1,1,6,74.32,0.8632,3.99,2.33,1,60.48
10,D25,T70,3,2.052,4.101,1.098,db,10,3,1,0,2,5,20,11.91,0.6552,1.51,40.76,3,0.0
10,D22,T85,3,5.0,3.056,5.0,frontend,9,1,4,1,2,4,12,59.0,0.6872,0.59,20.49,1,23.9
10,D6,T80,3,3.066,4.078,4.084,frontend,2,2,1,2,0,5,40,0.0,0.5257,0.65,14.37,1,0.0
10,D27,T33,2,3.19,1.153,5.0,backend,10,3,0,5,2,5,40,0.0,0.2889,0.54,81.88,7,0.0
10,D23,T48,3,3.152,4.226,2.17,db,8,8,0,2,1,2,8,59.76,0.6537,4.71,36.77,4,0.0
10,D23,T79,3,3.152,4.226,2.17,backend,8,3,1,3,2,1,5,71.52,0.7402,2.08,29.17,9,0.0
10,D4,T9,1,1.186,4.271,2.25,backend,8,4,0,3,0,2,10,56.18,0.7207,2.53,19.77,1,20.22
10,D4,T18,1,1.186,4.271,2.25,db,6,7,1,1,1,6,36,0.0,0.6809,3.06,26.45,3,0.0
10,D11,T28,2,4.464,5.0,2.604,backend,1,7,0,5,0,6,18,26.18,0.6987,3.86,2.36,0,54.63
10,D1,T78,3,4.255,5.0,3.228,db,8,6,1,1,5,5,25,24.76,0.4897,2.12,36.43,6,0.0
10,D26,T63,1,3.201,1.179,4.252,db,5,6,0,0,2,4,20,0.0,0.5748,2.65,8.8,6,0.0
10,D3,T19,3,5.0,2.044,4.037,frontend,9,3,2,2,1,3,12,60.94,0.5467,1.4,33.7,4,0.0
10,D12,T14,2,4.488,4.479,1.421,db,1,5,2,0,1,4,16,23.08,0.6509,2.64,6.93,0,39.48
10,D18,T57,2,5.0,3.4,4.42,frontend,9,4,1,0,0,4,28,10.48,0.2174,0.61,24.95,8,0.0
10,D20,T95,3,3.059,1.095,2.089,backend,8,3,1,3,0,4,28,0.0,0.6058,1.27,52.55,5,0.0
10,D10,T60,1,4.229,2.236,4.248,frontend,5,7,2,2,0,1,5,75.74,0.5933,3.89,10.47,1,38.97
10,D8,T93,2,2.322,1.269,2.279,db,8,6,0,0,4,1,8,57.54,0.6604,3.57,26.19,5,0.0
10,D1,T21,3,4.255,5.0,3.228,frontend,4,1,4,2,2,2,14,54.49,0.7826,0.65,12.08,0,47.58
10,D11,T73,2,4.464,5.0,2.604,frontend,3,8,2,0,1,3,9,71.66,0.4062,2.89,12.68,1,24.09
10,D23,T93,3,3.152,4.226,2.17,db,8,6,0,0,4,6,36,0.0,0.4745,1.83,23.35,7,0.0
10,D14,T74,1,1.531,5.0,5.0,db,3,5,0,1,5,5,40,0.0,0.7541,2.33,5.21,0,5.32
10,D12,T76,2,4.488,4.479,1.421,backend,9,2,2,3,2,4,20,0.0,0.6807,1.05,53.22,7,0.0
10,D11,T97,2,4.464,5.0,2.604,backend,9,2,1,3,0,1,3,82.88,0.5087,0.98,36.14,4,0.0
10,D10,T74,1,4.229,2.236,4.248,db,3,5,0,1,5,6,24,21.13,0.7211,2.64,12.06,2,14.96
10,D27,T82,2,3.19,1.153,5.0,frontend,4,1,5,1,2,5,30,0.0,0.6851,0.47,20.76,4,0.0
10,D11,T95,2,4.464,5.0,2.604,backend,8,3,1,3,0,6,36,0.0,0.5087,0.98,34.35,2,0.0
10,D5,T16,1,3.404,3.405,2.655,frontend,3,4,5,2,0,4,16,46.65,0.6586,2.13,11.82,2,30.36
10,D11,T44,2,4.464,5.0,2.604,frontend,3,4,4,0,2,4,20,0.85,0.6762,2.08,18.71,0,0.0
10,D8,T77,2,2.322,1.269,2.279,frontend,1,2,3,0,2,3,24,0.0,0.8468,1.24,2.99,0,15.73
10,D8,T22,2,2.322,1.269,2.279,db,2,2,2,0,2,2,8,65.92,0.8934,1.61,5.61,1,57.12
10,D6,T85,3,3.066,4.078,4.084,frontend,9,1,4,1,2,6,36,0.0,0.6715,0.43,32.06,1,0.0
10,D29,T67,2,2.488,3.442,1.424,backend,5,6,2,5,0,1,8,56.32,0.7459,4.03,21.05,1,12.63
10,D13,T59,1,2.242,5.0,2.325,backend,3,8,1,2,2,2,10,50.55,0.5681,3.99,12.97,3,15.05
10,D7,T31,3,5.0,1.525,2.369,backend,4,5,0,4,0,2,12,43.95,0.3819,1.63,18.3,3,0.0
10,D5,T71,1,3.404,3.405,2.655,frontend,4,8,2,0,1,4,12,39.13,0.6116,4.18,8.02,4,7.91
10,D15,T59,1,4.217,3.353,3.311,backend,3,8,1,2,2,5,25,0.0,0.6375,3.69,9.59,2,2.03
10,D3,T26,3,5.0,2.044,4.037,backend,3,1,1,2,0,5,35,0.0,0.6736,0.44,18.69,1,0.0
10,D7,T81,3,5.0,1.525,2.369,backend,7,1,1,4,0,1,7,63.3,0.4319,0.39,29.53,6,0.0
10,D3,T92,3,5.0,2.044,4.037,backend,8,2,0,1,0,6,48,0.0,0.5036,0.59,61.27,2,0.0
10,D14,T49,1,1.531,5.0,5.0,frontend,4,4,5,1,2,4,28,10.46,0.2937,0.82,14.71,4,0.0
10,D4,T78,1,1.186,4.271,2.25,db,8,6,1,1,5,3,18,31.45,0.5009,2.37,28.2,2,1.69
10,D1,T44,3,4.255,5.0,3.228,frontend,3,4,4,0,2,6,36,0.0,0.6826,1.75,15.04,2,1.06
10,D4,T50,1,1.186,4.271,2.25,db,10,2,0,0,2,6,30,0.0,0.7209,0.98,42.8,5,0.0
10,D10,T36,1,4.229,2.236,4.248,frontend,2,5,1,1,0,6,18,40.7,0.4233,1.67,4.95,1,38.35
10,D23,T57,3,3.152,4.226,2.17,frontend,9,4,1,0,0,3,12,49.64,0.4654,1.59,33.36,8,0.0
10,D15,T46,1,4.217,3.353,3.311,db,2,7,0,0,5,6,36,0.0,0.5032,2.26,12.28,1,0.0
10,D29,T99,2,2.488,3.442,1.424,db,2,6,2,2,3,3,21,10.76,0.7241,3.3,4.64,0,38.18
10,D8,T89,2,2.322,1.269,2.279,frontend,6,2,1,0,2,2,10,64.35,0.7695,1.35,11.74,3,29.57
10,D18,T92,2,5.0,3.4,4.42,backend,8,2,0,1,0,1,6,80.11,0.3294,0.61,24.42,1,3.2
10,D9,T26,3,4.099,4.161,5.0,backend,3,1,1,2,0,4,20,25.01,0.4357,0.34,23.47,1,0.0
10,D20,T43,3,3.059,1.095,2.089,db,9,7,2,1,5,2,6,74.8,0.6142,3.98,35.73,7,0.0
10,D20,T49,3,3.059,1.095,2.089,frontend,4,4,5,1,2,2,6,71.81,0.7597,2.81,10.25,1,38.28
10,D3,T57,3,5.0,2.044,4.037,frontend,9,4,1,0,0,6,24,0.0,0.2967,0.87,75.58,12,0.0
10,D11,T79,2,4.464,5.0,2.604,backend,8,3,1,3,2,1,5,77.06,0.5687,1.6,36.37,4,0.0
10,D25,T59,3,2.052,4.101,1.098,backend,3,8,1,2,2,4,12,47.91,0.6682,4.57,16.97,4,6.72
10,D24,T37,1,4.344,4.352,4.328,backend,10,2,2,4,1,6,36,0.0,0.7407,0.95,17.16,3,0.0
10,D15,T30,1,4.217,3.353,3.311,frontend,6,1,1,1,1,6,24,0.0,0.427,0.31,20.34,4,0.0
10,D2,T54,2,3.305,3.281,3.348,frontend,5,4,2,2,0,4,16,42.94,0.6789,2.2,19.43,2,0.0
10,D13,T66,1,2.242,5.0,2.325,backend,10,2,1,4,0,4,16,36.34,0.7481,1.21,52.91,3,0.0
10,D3,T2,3,5.0,2.044,4.037,db,8,3,0,1,3,4,24,3.84,0.6734,1.48,39.2,4,0.0
10,D8,T30,2,2.322,1.269,2.279,frontend,6,1,1,1,1,3,18,33.88,0.7895,0.62,8.79,2,48.43
10,D27,T26,2,3.19,1.153,5.0,backend,3,1,1,2,0,2,6,80.88,0.6389,0.59,5.17,2,53.11
10,D19,T73,1,3.278,5.0,3.296,frontend,3,8,2,0,1,6,30,0.0,0.5278,2.88,9.82,5,0.0
10,D22,T6,3,5.0,3.056,5.0,db,7,4,0,1,1,4,24,17.57,0.2672,0.78,23.77,2,9.06
10,D11,T19,2,4.464,5.0,2.604,frontend,9,3,2,2,1,5,35,0.0,0.5062,0.98,29.53,11,0.0
10,D14,T52,1,1.531,5.0,5.0,frontend,9,7,1,1,0,5,20,15.29,0.5863,3.16,20.25,4,0.0
10,D15,T27,1,4.217,3.353,3.311,backend,5,6,0,1,1,2,16,39.21,0.4375,2.13,32.97,4,0.0
10,D26,T96,1,3.201,1.179,4.252,frontend,5,3,4,0,0,1,5,83.76,0.7176,2.02,17.9,1,33.52
10,D24,T95,1,4.344,4.352,4.328,backend,8,3,1,3,0,1,3,89.25,0.5407,1.56,16.75,4,0.2
10,D1,T63,3,4.255,5.0,3.228,db,5,6,0,0,2,1,8,69.72,0.475,2.57,25.57,3,8.53
10,D9,T72,3,4.099,4.161,5.0,db,3,7,2,2,4,3,12,47.02,0.709,4.24,8.86,0,50.21
10,D12,T76,2,4.488,4.479,1.421,backend,9,2,2,3,2,2,10,60.55,0.6807,1.19,35.15,2,0.0
10,D8,T42,2,2.322,1.269,2.279,frontend,6,5,4,0,0,3,12,39.5,0.6668,2.85,11.3,1,20.57
10,D10,T41,1,4.229,2.236,4.248,db,7,1,0,1,4,5,35,0.0,0.7816,0.51,24.87,2,0.0
10,D9,T77,3,4.099,4.161,5.0,frontend,1,2,3,0,2,2,10,40.94,0.5701,1.0,3.14,1,40.11
10,D12,T44,2,4.488,4.479,1.421,frontend,3,4,4,0,2,3,24,14.16,0.7001,2.05,19.95,0,5.29
10,D27,T50,2,3.19,1.153,5.0,db,10,2,0,0,2,3,18,24.21,0.4867,0.77,38.72,12,0.0
10,D8,T61,2,2.322,1.269,2.279,db,5,2,2,0,5,1,7,73.7,0.6004,1.1,13.47,7,0.0
10,D9,T8,3,4.099,4.161,5.0,db,4,8,2,0,4,1,6,68.34,0.609,4.51,18.2,1,15.96
10,D5,T44,1,3.404,3.405,2.655,frontend,3,4,4,0,2,4,24,0.0,0.7386,2.16,11.62,1,14.62
10,D5,T20,1,3.404,3.405,2.655,db,2,1,2,0,4,4,28,0.0,0.6262,0.44,6.81,0,0.0
10,D21,T56,3,1.482,4.407,5.0,backend,8,4,1,2,1,4,20,39.88,0.5671,1.74,27.95,2,0.0
10,D7,T79,3,5.0,1.525,2.369,backend,8,3,1,3,2,3,21,14.52,0.6119,1.39,56.72,6,0.0
10,D25,T3,3,2.052,4.101,1.098,db,1,1,0,2,4,5,35,0.0,0.4852,0.31,4.3,0,0.0
10,D26,T26,1,3.201,1.179,4.252,backend,3,1,1,2,0,5,35,0.0,0.6639,0.43,13.13,0,0.0
10,D9,T29,3,4.099,4.161,5.0,frontend,7,8,3,1,2,6,24,1.34,0.6201,3.63,48.18,2,0.0
10,D24,T20,1,4.344,4.352,4.328,db,2,1,2,0,4,4,20,23.85,0.6727,0.52,7.14,3,18.3
10,D6,T29,3,3.066,4.078,4.084,frontend,7,8,3,1,2,5,15,32.2,0.7757,5.09,32.25,2,4.58
10,D3,T65,3,5.0,2.044,4.037,frontend,4,6,2,2,2,1,4,77.22,0.5767,3.29,20.3,3,0.0
10,D22,T2,3,5.0,3.056,5.0,db,8,3,0,1,3,6,36,0.0,0.5072,0.98,17.96,8,0.0
10,D13,T71,1,2.242,5.0,2.325,frontend,4,8,2,0,1,5,15,41.06,0.6812,4.47,17.86,0,39.36
10,D14,T18,1,1.531,5.0,5.0,db,6,7,1,1,1,5,40,0.0,0.3041,1.32,28.89,4,0.0
10,D17,T4,3,1.177,4.168,2.156,db,4,3,2,0,1,3,9,71.88,0.6282,1.68,17.12,0,17.38
10,D11,T86,2,4.464,5.0,2.604,backend,8,7,2,5,2,5,20,30.49,0.8587,4.62,38.54,6,0.0
10,D5,T100,1,3.404,3.405,2.655,db,3,8,2,0,1,1,5,78.5,0.589,4.42,7.68,1,40.35
10,D29,T60,2,2.488,3.442,1.424,frontend,5,7,2,2,0,6,30,0.0,0.8266,3.95,16.53,7,0.0
10,D1,T43,3,4.255,5.0,3.228,db,9,7,2,1,5,3,18,25.48,0.5197,2.87,60.81,2,0.0
10,D14,T19,1,1.531,5.0,5.0,frontend,9,3,2,2,1,3,21,29.15,0.6737,1.53,26.2,3,0.0
10,D12,T16,2,4.488,4.479,1.421,frontend,3,4,5,2,0,6,30,0.0,0.772,2.11,15.94,0,0.0
10,D11,T10,2,4.464,5.0,2.604,frontend,2,8,3,0,0,4,24,0.0,0.4962,2.9,9.24,1,0.0
10,D5,T56,1,3.404,3.405,2.655,backend,8,4,1,2,1,2,12,34.08,0.6616,2.26,20.17,3,0.0
10,D4,T20,1,1.186,4.271,2.25,db,2,1,2,0,4,3,21,36.42,0.552,0.42,6.85,2,19.52
10,D23,T13,3,3.152,4.226,2.17,db,6,8,1,0,4,1,7,75.19,0.5045,3.69,31.72,4,0.0
10,D7,T12,3,5.0,1.525,2.369,db,3,6,1,1,5,6,48,0.0,0.538,1.88,8.98,0,0.0
10,D27,T95,2,3.19,1.153,5.0,backend,8,3,1,3,0,6,18,0.76,0.5189,1.23,42.25,8,0.0
10,D20,T51,3,3.059,1.095,2.089,backend,10,4,0,1,2,1,5,73.3,0.833,3.12,14.42,2,38.73
10,D10,T31,1,4.229,2.236,4.248,backend,4,5,0,4,0,3,24,0.0,0.4494,1.64,13.0,4,0.0
10,D17,T32,3,1.177,4.168,2.156,backend,5,7,1,4,2,6,42,0.0,0.9663,4.12,19.43,2,0.0
10,D4,T87,1,1.186,4.271,2.25,backend,2,4,1,1,1,3,21,21.26,0.5607,1.7,9.11,0,34.02
10,D18,T3,2,5.0,3.4,4.42,db,1,1,0,2,4,2,14,47.32,0.7296,0.61,2.16,0,63.57
10,D2,T11,2,3.305,3.281,3.348,frontend,4,1,3,0,0,3,15,28.9,0.6989,0.57,19.0,1,12.81
10,D19,T21,1,3.278,5.0,3.296,frontend,4,1,4,2,2,1,7,64.18,0.7245,0.66,10.57,0,36.5
10,D18,T25,2,5.0,3.4,4.42,frontend,4,6,4,0,1,4,28,0.0,0.6074,2.54,22.07,3,0.0
10,D9,T21,3,4.099,4.161,5.0,frontend,4,1,4,2,2,6,18,32.85,0.7901,0.62,22.21,1,29.3
10,D14,T98,1,1.531,5.0,5.0,backend,1,7,0,1,2,4,20,0.0,0.3534,1.9,3.31,0,0.0
10,D26,T63,1,3.201,1.179,4.252,db,5,6,0,0,2,4,32,0.0,0.5748,2.3,16.28,2,0.0
10,D26,T27,1,3.201,1.179,4.252,backend,5,6,0,1,1,4,12,30.53,0.7209,3.7,15.36,1,16.86
